"Question","Type","English (do not change)","Burmese (draft)","Corrected Burmese","Notes"
"Q1","question","What is the form of government of the United States?","အမေရိကန်ပြည်ထောင်စု၏ အစိုးရပုံစံက ဘာလဲ?","",""
"Q1","accepted answer","Republic","သမ္မတနိုင်ငံ","",""
"Q1","wrong option","A kingdom ruled by one family","မိသားစုတစ်စုက အုပ်ချုပ်သော ဘုရင့်နိုင်ငံ","",""
"Q1","wrong option","A territory governed by another country","အခြားနိုင်ငံတစ်ခုက အုပ်ချုပ်သော နယ်မြေ","",""
"Q1","accepted answer","Constitution-based federal republic","ဖွဲ့စည်းပုံအခြေခံဥပဒေကို အခြေခံသော ဖက်ဒရယ် သမ္မတနိုင်ငံ","",""
"Q1","accepted answer","Representative democracy","ကိုယ်စားလှယ်စနစ် ဒီမိုကရေစီ","",""
"Q2","question","What is the supreme law of the land?","နိုင်ငံ၏ အမြင့်ဆုံးဥပဒေက ဘာလဲ?","",""
"Q2","accepted answer","(U.S.) Constitution","(အမေရိကန်) ဖွဲ့စည်းပုံအခြေခံဥပဒေ","",""
"Q2","wrong option","The Declaration of Independence","လွတ်လပ်ရေး ကြေညာစာတမ်း","",""
"Q2","wrong option","The Supreme Court","တရားလွှတ်တော်ချုပ်","",""
"Q3","question","Name one thing the U.S. Constitution does.","အမေရိကန် ဖွဲ့စည်းပုံအခြေခံဥပဒေ လုပ်ဆောင်သည့်အရာ တစ်ခုကို ပြောပါ။","",""
"Q3","accepted answer","Forms the government","အစိုးရကို ဖွဲ့စည်းသည်","",""
"Q3","wrong option","Chooses the President each year","နှစ်စဉ် သမ္မတကို ရွေးချယ်သည်","",""
"Q3","wrong option","Collects taxes from each state","ပြည်နယ်တိုင်းထံမှ အခွန်ကောက်ခံသည်","",""
"Q3","accepted answer","Defines powers of government","အစိုးရ၏ အာဏာများကို သတ်မှတ်သည်","",""
"Q3","accepted answer","Defines the parts of government","အစိုးရ၏ အစိတ်အပိုင်းများကို သတ်မှတ်သည်","",""
"Q3","accepted answer","Protects the rights of the people","ပြည်သူများ၏ အခွင့်အရေးများကို ကာကွယ်သည်","",""
"Q4","question","The U.S. Constitution starts with the words “We the People.” What does “We the People” mean?","အမေရိကန် ဖွဲ့စည်းပုံအခြေခံဥပဒေသည် “We the People” (ကျွန်ုပ်တို့ ပြည်သူများ) ဟူသော စကားလုံးများဖြင့် စတင်သည်။ ၎င်းက ဘာကို ဆိုလိုသလဲ?","",""
"Q4","accepted answer","Self-government","ကိုယ်တိုင် အုပ်ချုပ်ခြင်း","",""
"Q4","wrong option","Only the government has power","အစိုးရတစ်ခုတည်းသာ အာဏာရှိသည်","",""
"Q4","wrong option","Only elected officials matter","ရွေးကောက်ခံ အရာရှိများသာ အရေးပါသည်","",""
"Q4","accepted answer","Popular sovereignty","ပြည်သူ့ အချုပ်အခြာအာဏာ","",""
"Q4","accepted answer","Consent of the governed","အုပ်ချုပ်ခံရသူများ၏ သဘောတူညီချက်","",""
"Q4","accepted answer","People should govern themselves","ပြည်သူများသည် ၎င်းတို့ကိုယ်တိုင် အုပ်ချုပ်သင့်သည်","",""
"Q5","question","How are changes made to the U.S. Constitution?","အမေရိကန် ဖွဲ့စည်းပုံအခြေခံဥပဒေကို မည်သို့ ပြောင်းလဲသနည်း?","",""
"Q5","accepted answer","Amendments","ပြင်ဆင်ချက်များ","",""
"Q5","wrong option","A new vote every year","နှစ်စဉ် မဲအသစ် ပေးခြင်း","",""
"Q5","wrong option","The President decides","သမ္မတက ဆုံးဖြတ်သည်","",""
"Q5","accepted answer","The amendment process","ပြင်ဆင်ချက် လုပ်ငန်းစဉ်","",""
"Q6","question","What does the Bill of Rights protect?","အခွင့်အရေးများဆိုင်ရာ ဥပဒေက ဘာကို ကာကွယ်သလဲ?","",""
"Q6","accepted answer","(The basic) rights of Americans","အမေရိကန်များ၏ (အခြေခံ) အခွင့်အရေးများ","",""
"Q6","wrong option","The salary of the President","သမ္မတ၏ လစာ","",""
"Q6","wrong option","The borders of the states","ပြည်နယ်များ၏ နယ်နိမိတ်များ","",""
"Q6","accepted answer","(The basic) rights of people living in the United States","အမေရိကန်ပြည်ထောင်စုတွင် နေထိုင်သူများ၏ (အခြေခံ) အခွင့်အရေးများ","",""
"Q7","question","How many amendments does the U.S. Constitution have?","အမေရိကန် ဖွဲ့စည်းပုံအခြေခံဥပဒေတွင် ပြင်ဆင်ချက် ဘယ်နှစ်ခု ရှိသလဲ?","",""
"Q7","accepted answer","Twenty-seven (27)","နှစ်ဆယ့်ခုနစ် (၂၇)","",""
"Q7","wrong option","Ten (10)","ဆယ် (၁၀)","",""
"Q7","wrong option","Fifty (50)","ငါးဆယ် (၅၀)","",""
"Q8","question","Why is the Declaration of Independence important?","လွတ်လပ်ရေး ကြေညာစာတမ်းသည် အဘယ်ကြောင့် အရေးကြီးသနည်း?","",""
"Q8","accepted answer","It says America is free from British control","အမေရိကသည် ဗြိတိန်၏ ထိန်းချုပ်မှုမှ လွတ်လပ်သည်ဟု ဆိုသည်","",""
"Q8","wrong option","It created the three branches of government","အစိုးရ၏ အခွဲ သုံးခုကို ဖန်တီးခဲ့သည်","",""
"Q8","wrong option","It set the rules for electing a president","သမ္မတ ရွေးကောက်ခြင်းဆိုင်ရာ စည်းမျဉ်းများကို သတ်မှတ်ခဲ့သည်","",""
"Q8","accepted answer","It says all people are created equal","လူတိုင်းသည် တန်းတူညီမျှ ဖန်ဆင်းခံရသည်ဟု ဆိုသည်","",""
"Q8","accepted answer","It identifies inherent rights","မွေးရာပါ အခွင့်အရေးများကို ဖော်ပြသည်","",""
"Q8","accepted answer","It identifies individual freedoms","တစ်ဦးချင်း လွတ်လပ်ခွင့်များကို ဖော်ပြသည်","",""
"Q9","question","What founding document said the American colonies were free from Britain?","အမေရိကန် ကိုလိုနီများသည် ဗြိတိန်မှ လွတ်လပ်သည်ဟု မည်သည့် နိုင်ငံတည်ထောင်ရေး စာတမ်းက ဆိုခဲ့သနည်း?","",""
"Q9","accepted answer","Declaration of Independence","လွတ်လပ်ရေး ကြေညာစာတမ်း","",""
"Q9","wrong option","The U.S. Constitution","အမေရိကန် ဖွဲ့စည်းပုံအခြေခံဥပဒေ","",""
"Q9","wrong option","The Bill of Rights","အခွင့်အရေးများဆိုင်ရာ ဥပဒေ","",""
"Q10","question","Name two important ideas from the Declaration of Independence and the U.S. Constitution.","လွတ်လပ်ရေး ကြေညာစာတမ်းနှင့် အမေရိကန် ဖွဲ့စည်းပုံအခြေခံဥပဒေမှ အရေးကြီးသော အယူအဆ နှစ်ခုကို ပြောပါ။","",""
"Q10","accepted answer","Equality","တန်းတူညီမျှမှု","",""
"Q10","accepted answer","Liberty","လွတ်လပ်မှု","",""
"Q10","accepted answer","Social contract","လူမှုရေး သဘောတူစာချုပ်","",""
"Q10","accepted answer","Natural rights","သဘာဝ အခွင့်အရေးများ","",""
"Q10","accepted answer","Limited government","အာဏာ ကန့်သတ်ထားသော အစိုးရ","",""
"Q10","wrong option","Rule by a single family","မိသားစုတစ်စုတည်းက အုပ်ချုပ်ခြင်း","",""
"Q10","wrong option","Taxation without a vote","မဲပေးခွင့်မရှိဘဲ အခွန်ကောက်ခြင်း","",""
"Q11","question","The words “Life, Liberty, and the pursuit of Happiness” are in what founding document?","“Life, Liberty, and the pursuit of Happiness” (အသက်၊ လွတ်လပ်ခွင့်နှင့် ပျော်ရွှင်မှုကို ရှာဖွေခွင့်) ဟူသော စကားလုံးများသည် မည်သည့် နိုင်ငံတည်ထောင်ရေး စာတမ်းတွင် ပါသနည်း?","",""
"Q12","question","What is the economic system of the United States?","အမေရိကန်ပြည်ထောင်စု၏ စီးပွားရေးစနစ်က ဘာလဲ?","",""
"Q12","accepted answer","Capitalism","အရင်းရှင်စနစ်","",""
"Q12","wrong option","A system where the government owns all businesses","အစိုးရက စီးပွားရေးလုပ်ငန်း အားလုံးကို ပိုင်ဆိုင်သော စနစ်","",""
"Q12","wrong option","A system based on trading goods without money","ငွေမသုံးဘဲ ကုန်ပစ္စည်း ဖလှယ်ခြင်းကို အခြေခံသော စနစ်","",""
"Q12","accepted answer","Free market economy","လွတ်လပ်သော ဈေးကွက် စီးပွားရေး","",""
"Q13","question","What is the rule of law?","တရားဥပဒေ စိုးမိုးရေး ဆိုသည်မှာ ဘာလဲ?","",""
"Q13","accepted answer","Everyone must follow the law","လူတိုင်း ဥပဒေကို လိုက်နာရမည်","",""
"Q13","wrong option","Only citizens must follow the law","နိုင်ငံသားများသာ ဥပဒေကို လိုက်နာရမည်","",""
"Q13","wrong option","Leaders can change the law whenever they want","ခေါင်းဆောင်များသည် လိုချင်သည့်အချိန်တိုင်း ဥပဒေကို ပြောင်းလဲနိုင်သည်","",""
"Q13","accepted answer","Leaders must obey the law","ခေါင်းဆောင်များသည် ဥပဒေကို လိုက်နာရမည်","",""
"Q13","accepted answer","Government must obey the law","အစိုးရသည် ဥပဒေကို လိုက်နာရမည်","",""
"Q13","accepted answer","No one is above the law","မည်သူမျှ ဥပဒေထက် မမြင့်ပါ","",""
"Q14","question","Many documents influenced the U.S. Constitution. Name one.","စာတမ်းများစွာက အမေရိကန် ဖွဲ့စည်းပုံအခြေခံဥပဒေကို လွှမ်းမိုးခဲ့သည်။ တစ်ခုကို ပြောပါ။","",""
"Q14","wrong option","The Emancipation Proclamation","ကျွန်လွတ်မြောက်ရေး ကြေညာချက်","",""
"Q14","wrong option","The Gettysburg Address","ဂက်တီးစ်ဘတ် မိန့်ခွန်း","",""
"Q14","accepted answer","Articles of Confederation","ကွန်ဖက်ဒရေးရှင်း ပြဋ္ဌာန်းချက်များ","",""
"Q14","accepted answer","Federalist Papers","ဖက်ဒရယ်လစ် စာတမ်းများ","",""
"Q14","accepted answer","Anti-Federalist Papers","ဖက်ဒရယ်လစ် ဆန့်ကျင်ရေး စာတမ်းများ","",""
"Q14","accepted answer","Virginia Declaration of Rights","ဗာဂျီးနီးယား အခွင့်အရေးများ ကြေညာစာတမ်း","",""
"Q14","accepted answer","Fundamental Orders of Connecticut","ကွန်နက်တီကတ် အခြေခံ အမိန့်များ","",""
"Q14","accepted answer","Mayflower Compact","မေးဖလားဝါး သဘောတူစာချုပ်","",""
"Q14","accepted answer","Iroquois Great Law of Peace","အီရိုကွိုင်း ငြိမ်းချမ်းရေး မဟာဥပဒေ","",""
"Q15","question","There are three branches of government. Why?","အစိုးရတွင် အခွဲ သုံးခု ရှိသည်။ ဘာကြောင့်လဲ?","",""
"Q15","accepted answer","So one part does not become too powerful","မည်သည့်အပိုင်းမျှ အာဏာလွန်ကဲမလာစေရန်","",""
"Q15","wrong option","So the government runs faster","အစိုးရ ပိုမြန်မြန် လည်ပတ်စေရန်","",""
"Q15","wrong option","So each state gets its own branch","ပြည်နယ်တိုင်း ကိုယ်ပိုင် အခွဲတစ်ခုစီ ရရှိစေရန်","",""
"Q15","accepted answer","Checks and balances","အပြန်အလှန် ထိန်းကျောင်းမှုနှင့် ချိန်ခွင်လျှာညှိမှု","",""
"Q15","accepted answer","Separation of powers","အာဏာ ခွဲဝေခြင်း","",""
"Q16","question","Name the three branches of government.","အစိုးရ၏ အခွဲ သုံးခုကို ပြောပါ။","",""
"Q16","accepted answer","Legislative, executive, and judicial","ဥပဒေပြု၊ အုပ်ချုပ်ရေးနှင့် တရားစီရင်ရေး","",""
"Q16","wrong option","Federal, state, and local","ဖက်ဒရယ်၊ ပြည်နယ်နှင့် ဒေသန္တရ","",""
"Q16","wrong option","Senate, House, and Cabinet","အထက်လွှတ်တော်၊ ကိုယ်စားလှယ်လွှတ်တော်နှင့် အစိုးရအဖွဲ့","",""
"Q16","accepted answer","Congress, president, and the courts","ကွန်ဂရက်၊ သမ္မတနှင့် တရားရုံးများ","",""
"Q17","question","The President of the United States is in charge of which branch of government?","အမေရိကန် သမ္မတသည် အစိုးရ၏ မည်သည့် အခွဲကို တာဝန်ယူသနည်း?","",""
"Q17","accepted answer","Executive branch","အုပ်ချုပ်ရေး အခွဲ","",""
"Q17","wrong option","Legislative branch","ဥပဒေပြု အခွဲ","",""
"Q17","wrong option","Judicial branch","တရားစီရင်ရေး အခွဲ","",""
"Q18","question","What part of the federal government writes laws?","ဖက်ဒရယ်အစိုးရ၏ မည်သည့်အပိုင်းက ဥပဒေများကို ရေးသနည်း?","",""
"Q18","accepted answer","(U.S.) Congress","(အမေရိကန်) ကွန်ဂရက်","",""
"Q18","wrong option","The Cabinet","အစိုးရအဖွဲ့","",""
"Q18","accepted answer","(U.S. or national) legislature","(အမေရိကန် သို့မဟုတ် အမျိုးသား) ဥပဒေပြုလွှတ်တော်","",""
"Q19","question","What are the two parts of the U.S. Congress?","အမေရိကန် ကွန်ဂရက်၏ အပိုင်း နှစ်ပိုင်းက ဘာတွေလဲ?","",""
"Q19","accepted answer","Senate and House (of Representatives)","အထက်လွှတ်တော်နှင့် (ကိုယ်စားလှယ်) လွှတ်တော်","",""
"Q19","wrong option","House and Cabinet","ကိုယ်စားလှယ်လွှတ်တော်နှင့် အစိုးရအဖွဲ့","",""
"Q19","wrong option","Senate and Supreme Court","အထက်လွှတ်တော်နှင့် တရားလွှတ်တော်ချုပ်","",""
"Q20","question","Name one power of the U.S. Congress.","အမေရိကန် ကွန်ဂရက်၏ အာဏာ တစ်ခုကို ပြောပါ။","",""
"Q20","accepted answer","Writes laws","ဥပဒေများကို ရေးသည်","",""
"Q20","wrong option","Enforces laws","ဥပဒေများကို အကောင်အထည်ဖော်သည်","",""
"Q20","wrong option","Interprets laws","ဥပဒေများကို အဓိပ္ပာယ်ဖွင့်ဆိုသည်","",""
"Q20","accepted answer","Declares war","စစ်ကြေညာသည်","",""
"Q20","accepted answer","Makes the federal budget","ဖက်ဒရယ် ဘတ်ဂျက်ကို ပြုလုပ်သည်","",""
"Q21","question","How many U.S. senators are there?","အမေရိကန် ဆီနိတ်တာ (အထက်လွှတ်တော်အမတ်) ဘယ်နှစ်ဦး ရှိသလဲ?","",""
"Q21","accepted answer","One hundred (100)","တစ်ရာ (၁၀၀)","",""
"Q21","wrong option","Four hundred thirty-five (435)","လေးရာ့သုံးဆယ့်ငါး (၄၃၅)","",""
"Q22","question","How long is a term for a U.S. senator?","အမေရိကန် ဆီနိတ်တာ တစ်ဦး၏ သက်တမ်း ဘယ်လောက်ကြာသလဲ?","",""
"Q22","accepted answer","Six (6) years","ခြောက် (၆) နှစ်","",""
"Q22","wrong option","Two (2) years","နှစ် (၂) နှစ်","",""
"Q22","wrong option","Four (4) years","လေး (၄) နှစ်","",""
"Q23","question","Who is one of your state's U.S. senators now?","သင့်ပြည်နယ်၏ လက်ရှိ အမေရိကန် ဆီနိတ်တာ တစ်ဦးက ဘယ်သူလဲ?","",""
"Q24","question","How many voting members are in the House of Representatives?","ကိုယ်စားလှယ်လွှတ်တော်တွင် မဲပေးပိုင်ခွင့်ရှိသော အဖွဲ့ဝင် ဘယ်နှစ်ဦး ရှိသလဲ?","",""
"Q25","question","How long is a term for a member of the House of Representatives?","ကိုယ်စားလှယ်လွှတ်တော် အဖွဲ့ဝင်တစ်ဦး၏ သက်တမ်း ဘယ်လောက်ကြာသလဲ?","",""
"Q26","question","Why do U.S. representatives serve shorter terms than U.S. senators?","အမေရိကန် ကိုယ်စားလှယ်များ၏ သက်တမ်းသည် ဆီနိတ်တာများထက် အဘယ်ကြောင့် ပိုတိုသနည်း?","",""
"Q26","accepted answer","To more closely follow public opinion","ပြည်သူ့ သဘောထားကို ပိုမို နီးကပ်စွာ လိုက်ပါနိုင်ရန်","",""
"Q26","wrong option","Because there are more of them","၎င်းတို့ အရေအတွက် ပိုများသောကြောင့်","",""
"Q26","wrong option","Because their work is easier","၎င်းတို့၏ အလုပ်က ပိုလွယ်သောကြောင့်","",""
"Q27","question","How many senators does each state have?","ပြည်နယ်တစ်ခုစီတွင် ဆီနိတ်တာ ဘယ်နှစ်ဦး ရှိသလဲ?","",""
"Q27","accepted answer","Two (2)","နှစ် (၂)","",""
"Q27","wrong option","One (1)","တစ် (၁)","",""
"Q27","wrong option","It depends on population","လူဦးရေပေါ် မူတည်သည်","",""
"Q28","question","Why does each state have two senators?","ပြည်နယ်တစ်ခုစီတွင် ဆီနိတ်တာ နှစ်ဦးစီ အဘယ်ကြောင့် ရှိသနည်း?","",""
"Q28","accepted answer","Equal representation (for small states)","(ပြည်နယ်ငယ်များအတွက်) တန်းတူ ကိုယ်စားပြုမှု","",""
"Q28","wrong option","Because each state has two main cities","ပြည်နယ်တိုင်းတွင် အဓိက မြို့ နှစ်မြို့ရှိသောကြောင့်","",""
"Q28","wrong option","Because the Constitution has two parts","ဖွဲ့စည်းပုံအခြေခံဥပဒေတွင် အပိုင်း နှစ်ပိုင်းရှိသောကြောင့်","",""
"Q28","accepted answer","The Great Compromise (Connecticut Compromise)","မဟာ အလျှော့အတင်း သဘောတူညီချက် (ကွန်နက်တီကတ် သဘောတူညီချက်)","",""
"Q29","question","Name your U.S. representative.","သင်၏ အမေရိကန် ကိုယ်စားလှယ်၏ အမည်ကို ပြောပါ။","",""
"Q30","question","What is the name of the Speaker of the House of Representatives now?","ကိုယ်စားလှယ်လွှတ်တော် ဥက္ကဋ္ဌ၏ လက်ရှိ အမည်က ဘာလဲ?","",""
"Q31","question","Who does a U.S. senator represent?","အမေရိကန် ဆီနိတ်တာ တစ်ဦးသည် မည်သူ့ကို ကိုယ်စားပြုသနည်း?","",""
"Q31","accepted answer","Citizens of their state","၎င်းတို့ပြည်နယ်ရှိ နိုင်ငံသားများ","",""
"Q31","wrong option","Only the people who voted for them","၎င်းတို့ကို မဲပေးခဲ့သူများသာ","",""
"Q31","wrong option","People in one district","မဲဆန္ဒနယ် တစ်ခုရှိ လူများ","",""
"Q31","accepted answer","People of their state","၎င်းတို့ပြည်နယ်ရှိ ပြည်သူများ","",""
"Q32","question","Who elects U.S. senators?","အမေရိကန် ဆီနိတ်တာများကို မည်သူက ရွေးကောက်တင်မြှောက်သနည်း?","",""
"Q32","accepted answer","Citizens from their state","၎င်းတို့ပြည်နယ်မှ နိုင်ငံသားများ","",""
"Q32","wrong option","The President","သမ္မတ","",""
"Q32","wrong option","The state governor","ပြည်နယ် အုပ်ချုပ်ရေးမှူး","",""
"Q33","question","Who does a member of the House of Representatives represent?","ကိုယ်စားလှယ်လွှတ်တော် အဖွဲ့ဝင်တစ်ဦးသည် မည်သူ့ကို ကိုယ်စားပြုသနည်း?","",""
"Q33","accepted answer","Citizens in their (congressional) district","၎င်းတို့၏ (ကွန်ဂရက်) မဲဆန္ဒနယ်ရှိ နိုင်ငံသားများ","",""
"Q33","wrong option","Everyone in the state","ပြည်နယ်ထဲရှိ လူတိုင်း","",""
"Q33","wrong option","Only members of their political party","၎င်းတို့ နိုင်ငံရေးပါတီ၏ အဖွဲ့ဝင်များသာ","",""
"Q33","accepted answer","People from their (congressional) district","၎င်းတို့၏ (ကွန်ဂရက်) မဲဆန္ဒနယ်မှ ပြည်သူများ","",""
"Q34","question","Who elects members of the House of Representatives?","ကိုယ်စားလှယ်လွှတ်တော် အဖွဲ့ဝင်များကို မည်သူက ရွေးကောက်တင်မြှောက်သနည်း?","",""
"Q34","accepted answer","Citizens from their (congressional) district","၎င်းတို့၏ (ကွန်ဂရက်) မဲဆန္ဒနယ်မှ နိုင်ငံသားများ","",""
"Q34","wrong option","The Senate","အထက်လွှတ်တော်","",""
"Q34","wrong option","The state legislature","ပြည်နယ် ဥပဒေပြုလွှတ်တော်","",""
"Q35","question","Some states have more representatives than other states. Why?","ပြည်နယ်အချို့တွင် အခြားပြည်နယ်များထက် ကိုယ်စားလှယ် ပိုများသည်။ ဘာကြောင့်လဲ?","",""
"Q35","accepted answer","(Because of) the state's population","ပြည်နယ်၏ လူဦးရေ (ကြောင့်)","",""
"Q35","wrong option","Because they are larger in land area","၎င်းတို့၏ မြေဧရိယာ ပိုကြီးသောကြောင့်","",""
"Q35","wrong option","Because they joined the country earlier","၎င်းတို့ နိုင်ငံထဲသို့ စောစီးစွာ ဝင်ရောက်ခဲ့သောကြောင့်","",""
"Q35","accepted answer","(Because) they have more people","၎င်းတို့တွင် လူ ပိုများ(သောကြောင့်)","",""
"Q36","question","The President of the United States is elected for how many years?","အမေရိကန် သမ္မတကို နှစ်ပေါင်း မည်မျှအတွက် ရွေးကောက်တင်မြှောက်သနည်း?","",""
"Q37","question","The President of the United States can serve only two terms. Why?","အမေရိကန် သမ္မတသည် သက်တမ်း နှစ်ကြိမ်သာ တာဝန်ထမ်းဆောင်နိုင်သည်။ ဘာကြောင့်လဲ?","",""
"Q37","accepted answer","(Because of) the 22nd Amendment","၂၂ ကြိမ်မြောက် ပြင်ဆင်ချက် (ကြောင့်)","",""
"Q37","wrong option","Because elections cost too much","ရွေးကောက်ပွဲများ ကုန်ကျစရိတ် အလွန်များသောကြောင့်","",""
"Q37","wrong option","Because the job requires a younger person","ထိုအလုပ်အတွက် ပိုငယ်ရွယ်သူ လိုအပ်သောကြောင့်","",""
"Q37","accepted answer","To keep the president from becoming too powerful","သမ္မတ အာဏာလွန်ကဲမလာစေရန်","",""
"Q38","question","What is the name of the President of the United States now?","အမေရိကန် သမ္မတ၏ လက်ရှိ အမည်က ဘာလဲ?","",""
"Q39","question","What is the name of the Vice President of the United States now?","အမေရိကန် ဒုတိယသမ္မတ၏ လက်ရှိ အမည်က ဘာလဲ?","",""
"Q40","question","If the president can no longer serve, who becomes president?","သမ္မတ ဆက်လက် တာဝန်မထမ်းဆောင်နိုင်တော့လျှင် မည်သူ သမ္မတ ဖြစ်လာသနည်း?","",""
"Q40","accepted answer","The Vice President (of the United States)","(အမေရိကန်) ဒုတိယသမ္မတ","",""
"Q40","wrong option","The Speaker of the House","ကိုယ်စားလှယ်လွှတ်တော် ဥက္ကဋ္ဌ","",""
"Q40","wrong option","The Chief Justice","တရားသူကြီးချုပ်","",""
"Q41","question","Name one power of the president.","သမ္မတ၏ အာဏာ တစ်ခုကို ပြောပါ။","",""
"Q41","accepted answer","Signs bills into law","ဥပဒေကြမ်းများကို လက်မှတ်ထိုး၍ ဥပဒေအဖြစ် ပြဋ္ဌာန်းသည်","",""
"Q41","wrong option","Writes new laws","ဥပဒေအသစ်များကို ရေးသည်","",""
"Q41","wrong option","Decides if a law is constitutional","ဥပဒေတစ်ခုသည် ဖွဲ့စည်းပုံအခြေခံဥပဒေနှင့် ကိုက်ညီမှု ရှိမရှိ ဆုံးဖြတ်သည်","",""
"Q41","accepted answer","Vetoes bills","ဥပဒေကြမ်းများကို ဗီတို ပယ်ချသည်","",""
"Q41","accepted answer","Commander in Chief (of the military)","(စစ်တပ်၏) ကာကွယ်ရေး ဦးစီးချုပ်","",""
"Q41","accepted answer","Chief diplomat","အကြီးအကဲ သံတမန်","",""
"Q41","accepted answer","Appoints federal judges","ဖက်ဒရယ် တရားသူကြီးများကို ခန့်အပ်သည်","",""
"Q42","question","Who is Commander in Chief of the U.S. military?","အမေရိကန် စစ်တပ်၏ ကာကွယ်ရေး ဦးစီးချုပ်က မည်သူနည်း?","",""
"Q42","accepted answer","The President (of the United States)","(အမေရိကန်) သမ္မတ","",""
"Q42","wrong option","The Secretary of War (Defense)","စစ်ရေး (ကာကွယ်ရေး) ဝန်ကြီး","",""
"Q42","wrong option","A five-star general","ငါးပွင့်ပွင့် ဗိုလ်ချုပ်ကြီး","",""
"Q43","question","Who signs bills to become laws?","ဥပဒေကြမ်းများ ဥပဒေဖြစ်လာစေရန် မည်သူက လက်မှတ်ထိုးသနည်း?","",""
"Q44","question","Who vetoes bills?","ဥပဒေကြမ်းများကို မည်သူက ဗီတို ပယ်ချသနည်း?","",""
"Q45","question","Who appoints federal judges?","ဖက်ဒရယ် တရားသူကြီးများကို မည်သူက ခန့်အပ်သနည်း?","",""
"Q45","wrong option","The Senate alone","အထက်လွှတ်တော် တစ်ခုတည်း","",""
"Q45","wrong option","The state governors","ပြည်နယ် အုပ်ချုပ်ရေးမှူးများ","",""
"Q46","question","The executive branch has many parts. Name one.","အုပ်ချုပ်ရေး အခွဲတွင် အပိုင်းများစွာ ရှိသည်။ တစ်ခုကို ပြောပါ။","",""
"Q46","accepted answer","President (of the United States)","(အမေရိကန်) သမ္မတ","",""
"Q46","accepted answer","Cabinet","အစိုးရအဖွဲ့","",""
"Q46","accepted answer","Federal departments and agencies","ဖက်ဒရယ် ဌာနများနှင့် အေဂျင်စီများ","",""
"Q47","question","What does the President's Cabinet do?","သမ္မတ၏ အစိုးရအဖွဲ့က ဘာလုပ်သလဲ?","",""
"Q47","accepted answer","Advises the President (of the United States)","(အမေရိကန်) သမ္မတကို အကြံပေးသည်","",""
"Q47","wrong option","Writes the federal laws","ဖက်ဒရယ် ဥပဒေများကို ရေးသည်","",""
"Q47","wrong option","Decides court cases","တရားရုံး အမှုများကို ဆုံးဖြတ်သည်","",""
"Q48","question","What are two Cabinet-level positions?","အစိုးရအဖွဲ့ အဆင့်ရှိ ရာထူး နှစ်ခုက ဘာတွေလဲ?","",""
"Q48","accepted answer","Attorney General","ရှေ့နေချုပ်","",""
"Q48","accepted answer","Secretary of Agriculture","စိုက်ပျိုးရေး ဝန်ကြီး","",""
"Q48","accepted answer","Secretary of Commerce","စီးပွားရေးနှင့် ကူးသန်းရောင်းဝယ်ရေး ဝန်ကြီး","",""
"Q48","accepted answer","Secretary of Education","ပညာရေး ဝန်ကြီး","",""
"Q48","accepted answer","Secretary of Energy","စွမ်းအင် ဝန်ကြီး","",""
"Q48","wrong option","Speaker of the House","ကိုယ်စားလှယ်လွှတ်တော် ဥက္ကဋ္ဌ","",""
"Q48","wrong option","Chief Justice of the United States","အမေရိကန် တရားသူကြီးချုပ်","",""
"Q48","accepted answer","Secretary of Health and Human Services","ကျန်းမာရေးနှင့် လူမှုဝန်ထမ်း ဝန်ကြီး","",""
"Q48","accepted answer","Secretary of Homeland Security","ပြည်တွင်းလုံခြုံရေး ဝန်ကြီး","",""
"Q48","accepted answer","Secretary of Housing and Urban Development","အိမ်ရာနှင့် မြို့ပြဖွံ့ဖြိုးရေး ဝန်ကြီး","",""
"Q48","accepted answer","Secretary of the Interior","ပြည်ထဲရေး ဝန်ကြီး","",""
"Q48","accepted answer","Secretary of Labor","အလုပ်သမား ဝန်ကြီး","",""
"Q48","accepted answer","Secretary of State","နိုင်ငံခြားရေး ဝန်ကြီး","",""
"Q48","accepted answer","Secretary of Transportation","ပို့ဆောင်ရေး ဝန်ကြီး","",""
"Q48","accepted answer","Secretary of the Treasury","ငွေတိုက် (ဘဏ္ဍာရေး) ဝန်ကြီး","",""
"Q48","accepted answer","Secretary of Veterans Affairs","စစ်မှုထမ်းဟောင်းရေးရာ ဝန်ကြီး","",""
"Q48","accepted answer","Secretary of War (Defense)","စစ်ရေး (ကာကွယ်ရေး) ဝန်ကြီး","",""
"Q48","accepted answer","Vice-President","ဒုတိယသမ္မတ","",""
"Q48","accepted answer","Administrator of the Environmental Protection Agency","ပတ်ဝန်းကျင် ထိန်းသိမ်းရေး အေဂျင်စီ၏ အုပ်ချုပ်ရေးမှူး","",""
"Q48","accepted answer","Administrator of the Small Business Administration","အသေးစား စီးပွားရေးလုပ်ငန်း အုပ်ချုပ်ရေးဌာန၏ အုပ်ချုပ်ရေးမှူး","",""
"Q48","accepted answer","Director of the Central Intelligence Agency","ဗဟို ထောက်လှမ်းရေး အေဂျင်စီ၏ ညွှန်ကြားရေးမှူး","",""
"Q48","accepted answer","Director of the Office of Management and Budget","စီမံခန့်ခွဲမှုနှင့် ဘတ်ဂျက်ရုံး၏ ညွှန်ကြားရေးမှူး","",""
"Q48","accepted answer","Director of National Intelligence","အမျိုးသား ထောက်လှမ်းရေး ညွှန်ကြားရေးမှူး","",""
"Q48","accepted answer","United States Trade Representative","အမေရိကန် ကုန်သွယ်ရေး ကိုယ်စားလှယ်","",""
"Q49","question","Why is the Electoral College important?","ရွေးကောက်ပွဲ ကော်လိပ် (Electoral College) သည် အဘယ်ကြောင့် အရေးကြီးသနည်း?","",""
"Q49","accepted answer","It decides who is elected president","မည်သူ သမ္မတအဖြစ် ရွေးကောက်ခံရမည်ကို ဆုံးဖြတ်သည်","",""
"Q49","wrong option","It chooses the Supreme Court justices","တရားလွှတ်တော်ချုပ် တရားသူကြီးများကို ရွေးချယ်သည်","",""
"Q49","wrong option","It writes the federal budget","ဖက်ဒရယ် ဘတ်ဂျက်ကို ရေးဆွဲသည်","",""
"Q49","accepted answer","It provides a compromise between the popular election of the president and congressional selection","သမ္မတကို ပြည်သူက တိုက်ရိုက် ရွေးကောက်ခြင်းနှင့် ကွန်ဂရက်က ရွေးချယ်ခြင်းကြား အလျှော့အတင်း သဘောတူညီချက် ဖြစ်သည်","",""
"Q50","question","What is one part of the judicial branch?","တရားစီရင်ရေး အခွဲ၏ အပိုင်းတစ်ခုက ဘာလဲ?","",""
"Q50","accepted answer","Supreme Court","တရားလွှတ်တော်ချုပ်","",""
"Q50","accepted answer","Federal Courts","ဖက်ဒရယ် တရားရုံးများ","",""
"Q51","question","What does the judicial branch do?","တရားစီရင်ရေး အခွဲက ဘာလုပ်သလဲ?","",""
"Q51","accepted answer","Reviews laws","ဥပဒေများကို ပြန်လည်သုံးသပ်သည်","",""
"Q51","wrong option","Commands the military","စစ်တပ်ကို ကွပ်ကဲသည်","",""
"Q51","accepted answer","Explains laws","ဥပဒေများကို ရှင်းပြသည်","",""
"Q51","accepted answer","Resolves disputes (disagreements) about the law","ဥပဒေဆိုင်ရာ အငြင်းပွားမှု (သဘောထားကွဲလွဲမှု) များကို ဖြေရှင်းသည်","",""
"Q51","accepted answer","Decides if a law goes against the (U.S.) Constitution","ဥပဒေတစ်ခုသည် (အမေရိကန်) ဖွဲ့စည်းပုံအခြေခံဥပဒေကို ဆန့်ကျင်သလား ဆုံးဖြတ်သည်","",""
"Q52","question","What is the highest court in the United States?","အမေရိကန်ပြည်ထောင်စုရှိ အမြင့်ဆုံး တရားရုံးက ဘာလဲ?","",""
"Q52","wrong option","The Federal Court","ဖက်ဒရယ် တရားရုံး","",""
"Q52","wrong option","The Court of Appeals","အယူခံ တရားရုံး","",""
"Q53","question","How many seats are on the Supreme Court?","တရားလွှတ်တော်ချုပ်တွင် နေရာ ဘယ်နှစ်နေရာ ရှိသလဲ?","",""
"Q53","accepted answer","Nine (9)","ကိုး (၉)","",""
"Q53","wrong option","Five (5)","ငါး (၅)","",""
"Q53","wrong option","Twelve (12)","ဆယ့်နှစ် (၁၂)","",""
"Q54","question","How many Supreme Court justices are usually needed to decide a case?","အမှုတစ်ခုကို ဆုံးဖြတ်ရန် တရားလွှတ်တော်ချုပ် တရားသူကြီး များသောအားဖြင့် ဘယ်နှစ်ဦး လိုအပ်သလဲ?","",""
"Q54","wrong option","Three (3)","သုံး (၃)","",""
"Q55","question","How long do Supreme Court justices serve?","တရားလွှတ်တော်ချုပ် တရားသူကြီးများသည် မည်မျှကြာ တာဝန်ထမ်းဆောင်သနည်း?","",""
"Q55","accepted answer","(For) life","တစ်သက်တာ (အတွက်)","",""
"Q55","wrong option","Ten (10) years","ဆယ် (၁၀) နှစ်","",""
"Q55","wrong option","Until age sixty-five (65)","အသက် ခြောက်ဆယ့်ငါး (၆၅) နှစ်အထိ","",""
"Q55","accepted answer","Lifetime appointment","တစ်သက်တာ ခန့်အပ်ခြင်း","",""
"Q55","accepted answer","(Until) retirement","အငြိမ်းစား ယူသည်(အထိ)","",""
"Q56","question","Supreme Court justices serve for life. Why?","တရားလွှတ်တော်ချုပ် တရားသူကြီးများသည် တစ်သက်တာ တာဝန်ထမ်းဆောင်ကြသည်။ ဘာကြောင့်လဲ?","",""
"Q56","accepted answer","To be independent (of politics)","(နိုင်ငံရေးမှ) လွတ်လပ်စွာ ရပ်တည်နိုင်ရန်","",""
"Q56","wrong option","Because the job is difficult to learn","ထိုအလုပ်ကို သင်ယူရ ခက်ခဲသောကြောင့်","",""
"Q56","wrong option","Because there are only nine of them","၎င်းတို့ ကိုးဦးသာ ရှိသောကြောင့်","",""
"Q56","accepted answer","To limit outside (political) influence","ပြင်ပ (နိုင်ငံရေး) လွှမ်းမိုးမှုကို ကန့်သတ်ရန်","",""
"Q57","question","Who is the Chief Justice of the United States now?","အမေရိကန် တရားသူကြီးချုပ်က လက်ရှိ မည်သူနည်း?","",""
"Q58","question","Name one power that is only for the federal government.","ဖက်ဒရယ်အစိုးရအတွက်သာ ဖြစ်သော အာဏာ တစ်ခုကို ပြောပါ။","",""
"Q58","accepted answer","Print paper money","စက္ကူငွေ ရိုက်နှိပ်ခြင်း","",""
"Q58","wrong option","Give a driver's license","ယာဉ်မောင်းလိုင်စင် ထုတ်ပေးခြင်း","",""
"Q58","wrong option","Run public schools","အစိုးရ ကျောင်းများကို လည်ပတ်ခြင်း","",""
"Q58","accepted answer","Mint coins","အကြွေစေ့ ထုတ်လုပ်ခြင်း","",""
"Q58","accepted answer","Declare war","စစ်ကြေညာခြင်း","",""
"Q58","accepted answer","Create an army","စစ်တပ် ဖွဲ့စည်းခြင်း","",""
"Q58","accepted answer","Make treaties","စာချုပ်များ ချုပ်ဆိုခြင်း","",""
"Q58","accepted answer","Set foreign policy","နိုင်ငံခြားရေး မူဝါဒ ချမှတ်ခြင်း","",""
"Q59","question","Name one power that is only for the states.","ပြည်နယ်များအတွက်သာ ဖြစ်သော အာဏာ တစ်ခုကို ပြောပါ။","",""
"Q59","accepted answer","Provide schooling and education","ကျောင်းပညာနှင့် ပညာရေး ပေးခြင်း","",""
"Q59","accepted answer","Provide protection (police)","ကာကွယ်စောင့်ရှောက်မှု (ရဲ) ပေးခြင်း","",""
"Q59","accepted answer","Provide safety (fire departments)","ဘေးကင်းလုံခြုံမှု (မီးသတ်ဌာန) ပေးခြင်း","",""
"Q59","accepted answer","Approve zoning and land use","ဇုန်သတ်မှတ်ခြင်းနှင့် မြေအသုံးချမှုကို ခွင့်ပြုခြင်း","",""
"Q60","question","What is the purpose of the 10th Amendment?","၁၀ ကြိမ်မြောက် ပြင်ဆင်ချက်၏ ရည်ရွယ်ချက်က ဘာလဲ?","",""
"Q60","accepted answer","(It states that the) powers not given to the federal government belong to the states or to the people","ဖက်ဒရယ်အစိုးရကို မပေးထားသော အာဏာများသည် ပြည်နယ်များ သို့မဟုတ် ပြည်သူများနှင့် သက်ဆိုင်သည် (ဟု ဖော်ပြသည်)","",""
"Q60","wrong option","All power belongs to the federal government","အာဏာ အားလုံးသည် ဖက်ဒရယ်အစိုးရနှင့် သက်ဆိုင်သည်","",""
"Q60","wrong option","States can override federal law","ပြည်နယ်များသည် ဖက်ဒရယ် ဥပဒေကို ပယ်ဖျက်နိုင်သည်","",""
"Q61","question","Who is the governor of your state now?","သင့်ပြည်နယ်၏ လက်ရှိ အုပ်ချုပ်ရေးမှူးက မည်သူနည်း?","",""
"Q62","question","What is the capital of your state?","သင့်ပြည်နယ်၏ မြို့တော်က ဘာလဲ?","",""
"Q63","question","There are four amendments to the U.S. Constitution about who can vote. Describe one of them.","မည်သူ မဲပေးနိုင်သည်နှင့် ပတ်သက်၍ အမေရိကန် ဖွဲ့စည်းပုံအခြေခံဥပဒေတွင် ပြင်ဆင်ချက် လေးခု ရှိသည်။ ၎င်းတို့ထဲမှ တစ်ခုကို ဖော်ပြပါ။","",""
"Q63","accepted answer","Citizens eighteen (18) and older (can vote)","အသက် တစ်ဆယ့်ရှစ် (၁၈) နှစ်နှင့်အထက် နိုင်ငံသားများ (မဲပေးနိုင်သည်)","",""
"Q63","wrong option","Only people who own land can vote","မြေပိုင်ဆိုင်သူများသာ မဲပေးနိုင်သည်","",""
"Q63","wrong option","Only people born in the United States can vote","အမေရိကန်ပြည်ထောင်စုတွင် မွေးဖွားသူများသာ မဲပေးနိုင်သည်","",""
"Q63","accepted answer","You don't have to pay (a poll tax) to vote","မဲပေးရန် (မဲပေးခွန်) ပေးဆောင်ရန် မလိုပါ","",""
"Q63","accepted answer","Any citizen can vote (Women and men can vote)","မည်သည့် နိုင်ငံသားမဆို မဲပေးနိုင်သည် (အမျိုးသမီးများနှင့် အမျိုးသားများ မဲပေးနိုင်သည်)","",""
"Q63","accepted answer","A male citizen of any race (can vote)","မည်သည့် လူမျိုးမဆို အမျိုးသား နိုင်ငံသား (မဲပေးနိုင်သည်)","",""
"Q64","question","Who can vote in federal elections, run for federal office, and serve on a jury in the United States?","အမေရိကန်ပြည်ထောင်စုတွင် ဖက်ဒရယ် ရွေးကောက်ပွဲများ၌ မဲပေးခြင်း၊ ဖက်ဒရယ် ရာထူးအတွက် အရွေးခံခြင်းနှင့် ဂျူရီလူကြီးအဖြစ် တာဝန်ထမ်းဆောင်ခြင်းကို မည်သူ ပြုလုပ်နိုင်သနည်း?","",""
"Q64","accepted answer","Citizens","နိုင်ငံသားများ","",""
"Q64","wrong option","Everyone living in the United States","အမေရိကန်ပြည်ထောင်စုတွင် နေထိုင်သူ အားလုံး","",""
"Q64","wrong option","Only people born in the United States","အမေရိကန်ပြည်ထောင်စုတွင် မွေးဖွားသူများသာ","",""
"Q64","accepted answer","Citizens of the United States","အမေရိကန်ပြည်ထောင်စု၏ နိုင်ငံသားများ","",""
"Q64","accepted answer","U.S. citizens","အမေရိကန် နိုင်ငံသားများ","",""
"Q65","question","What are three rights of everyone living in the United States?","အမေရိကန်ပြည်ထောင်စုတွင် နေထိုင်သူ လူတိုင်း၏ အခွင့်အရေး သုံးခုက ဘာတွေလဲ?","",""
"Q65","accepted answer","Freedom of expression","လွတ်လပ်စွာ ထုတ်ဖော်ပြောဆိုခွင့်","",""
"Q65","accepted answer","Freedom of speech","လွတ်လပ်စွာ ပြောဆိုခွင့်","",""
"Q65","accepted answer","Freedom of assembly","လွတ်လပ်စွာ စုဝေးခွင့်","",""
"Q65","accepted answer","Freedom to petition the government","အစိုးရထံ လွတ်လပ်စွာ အသနားခံစာ တင်ခွင့်","",""
"Q65","accepted answer","Freedom of religion","ဘာသာရေး လွတ်လပ်ခွင့်","",""
"Q65","wrong option","The right to vote in federal elections","ဖက်ဒရယ် ရွေးကောက်ပွဲများတွင် မဲပေးခွင့်","",""
"Q65","wrong option","The right to a driver's license","ယာဉ်မောင်းလိုင်စင် ရပိုင်ခွင့်","",""
"Q65","accepted answer","The right to bear arms","လက်နက် ကိုင်ဆောင်ခွင့်","",""
"Q66","question","What do we show loyalty to when we say the Pledge of Allegiance?","သစ္စာခံကတိ (Pledge of Allegiance) ကို ရွတ်ဆိုသောအခါ ကျွန်ုပ်တို့သည် မည်သည့်အရာကို သစ္စာစောင့်သိကြောင်း ပြသသနည်း?","",""
"Q66","accepted answer","The United States","အမေရိကန်ပြည်ထောင်စု","",""
"Q66","wrong option","Congress","ကွန်ဂရက်","",""
"Q66","accepted answer","The flag","အလံ","",""
"Q67","question","Name two promises that new citizens make in the Oath of Allegiance.","နိုင်ငံသားသစ်များ သစ္စာကျမ်းကျိန်ချိန်တွင် ပြုလုပ်သော ကတိ နှစ်ခုကို ပြောပါ။","",""
"Q67","accepted answer","Give up loyalty to other countries","အခြားနိုင်ငံများအပေါ် သစ္စာကို စွန့်လွှတ်ခြင်း","",""
"Q67","accepted answer","Defend the (U.S.) Constitution","(အမေရိကန်) ဖွဲ့စည်းပုံအခြေခံဥပဒေကို ကာကွယ်ခြင်း","",""
"Q67","accepted answer","Obey the laws of the United States","အမေရိကန်ပြည်ထောင်စု၏ ဥပဒေများကို လိုက်နာခြင်း","",""
"Q67","accepted answer","Serve in the military (if needed)","(လိုအပ်ပါက) စစ်တပ်တွင် အမှုထမ်းခြင်း","",""
"Q67","accepted answer","Serve (help, do important work for) the nation (if needed)","(လိုအပ်ပါက) နိုင်ငံအတွက် အမှုထမ်းခြင်း (ကူညီခြင်း၊ အရေးကြီးသော အလုပ်လုပ်ပေးခြင်း)","",""
"Q67","wrong option","Pay a yearly citizenship fee","နှစ်စဉ် နိုင်ငံသားကြေး ပေးဆောင်ခြင်း","",""
"Q67","wrong option","Live in the same state for ten years","ပြည်နယ်တစ်ခုတည်းတွင် ဆယ်နှစ် နေထိုင်ခြင်း","",""
"Q67","accepted answer","Be loyal to the United States","အမေရိကန်ပြည်ထောင်စုအပေါ် သစ္စာရှိခြင်း","",""
"Q68","question","How can people become United States citizens?","လူများ အမေရိကန် နိုင်ငံသား မည်သို့ ဖြစ်လာနိုင်သနည်း?","",""
"Q68","accepted answer","Be born in the United States, under the conditions set by the 14th Amendment","၁၄ ကြိမ်မြောက် ပြင်ဆင်ချက်တွင် သတ်မှတ်ထားသော အခြေအနေများအရ အမေရိကန်ပြည်ထောင်စုတွင် မွေးဖွားခြင်း","",""
"Q68","wrong option","Apply for a visa","ဗီဇာ လျှောက်ခြင်း","",""
"Q68","wrong option","Register to vote","မဲပေးရန် စာရင်းသွင်းခြင်း","",""
"Q68","accepted answer","Naturalize","နိုင်ငံသားအဖြစ် ခံယူခြင်း","",""
"Q68","accepted answer","Derive citizenship (under conditions set by Congress)","(ကွန်ဂရက်က သတ်မှတ်ထားသော အခြေအနေများအရ) နိုင်ငံသားဖြစ်မှုကို ဆက်ခံရရှိခြင်း","",""
"Q69","question","What are two examples of civic participation in the United States?","အမေရိကန်ပြည်ထောင်စုတွင် နိုင်ငံသားအဖြစ် ပါဝင်ဆောင်ရွက်မှု ဥပမာ နှစ်ခုက ဘာတွေလဲ?","",""
"Q69","accepted answer","Vote","မဲပေးခြင်း","",""
"Q69","wrong option","Pay a fee to the government","အစိုးရထံ အခကြေးငွေ ပေးဆောင်ခြင်း","",""
"Q69","wrong option","Move to a different state","အခြားပြည်နယ်သို့ ပြောင်းရွှေ့ခြင်း","",""
"Q69","accepted answer","Run for office","ရာထူးအတွက် အရွေးခံခြင်း","",""
"Q69","accepted answer","Join a political party","နိုင်ငံရေးပါတီတွင် ဝင်ရောက်ခြင်း","",""
"Q69","accepted answer","Help with a campaign","မဲဆွယ်ရေး လှုပ်ရှားမှုတွင် ကူညီခြင်း","",""
"Q69","accepted answer","Join a civic group","အရပ်ဘက် အဖွဲ့တွင် ဝင်ရောက်ခြင်း","",""
"Q69","accepted answer","Join a community group","ရပ်ရွာ အဖွဲ့တွင် ဝင်ရောက်ခြင်း","",""
"Q69","accepted answer","Give an elected official your opinion (on an issue)","(ကိစ္စတစ်ခုအပေါ်) ရွေးကောက်ခံ အရာရှိထံ သင့်ထင်မြင်ချက်ကို ပေးခြင်း","",""
"Q69","accepted answer","Contact elected officials","ရွေးကောက်ခံ အရာရှိများကို ဆက်သွယ်ခြင်း","",""
"Q69","accepted answer","Support or oppose an issue or policy","ကိစ္စ သို့မဟုတ် မူဝါဒတစ်ခုကို ထောက်ခံခြင်း သို့မဟုတ် ကန့်ကွက်ခြင်း","",""
"Q69","accepted answer","Write to a newspaper","သတင်းစာထံ စာရေးခြင်း","",""
"Q70","question","What is one way Americans can serve their country?","အမေရိကန်များ ၎င်းတို့နိုင်ငံအတွက် အမှုထမ်းနိုင်သော နည်းလမ်း တစ်ခုက ဘာလဲ?","",""
"Q70","wrong option","Travel to other countries","အခြားနိုင်ငံများသို့ ခရီးသွားခြင်း","",""
"Q70","wrong option","Buy American products only","အမေရိကန်ထုတ်ကုန်များကိုသာ ဝယ်ယူခြင်း","",""
"Q70","accepted answer","Pay taxes","အခွန်ဆောင်ခြင်း","",""
"Q70","accepted answer","Obey the law","ဥပဒေကို လိုက်နာခြင်း","",""
"Q70","accepted answer","Serve in the military","စစ်တပ်တွင် အမှုထမ်းခြင်း","",""
"Q70","accepted answer","Work for local, state, or federal government","ဒေသန္တရ၊ ပြည်နယ် သို့မဟုတ် ဖက်ဒရယ် အစိုးရအတွက် လုပ်ကိုင်ခြင်း","",""
"Q71","question","Why is it important to pay federal taxes?","ဖက်ဒရယ် အခွန်များ ပေးဆောင်ခြင်းသည် အဘယ်ကြောင့် အရေးကြီးသနည်း?","",""
"Q71","accepted answer","Required by law","ဥပဒေအရ လိုအပ်သည်","",""
"Q71","wrong option","It is optional for citizens","နိုင်ငံသားများအတွက် မဖြစ်မနေ မဟုတ်ပါ","",""
"Q71","wrong option","It only applies to businesses","စီးပွားရေးလုပ်ငန်းများနှင့်သာ သက်ဆိုင်သည်","",""
"Q71","accepted answer","All people pay to fund the federal government","ဖက်ဒရယ်အစိုးရ၏ ရန်ပုံငွေအတွက် လူတိုင်း ပေးဆောင်ကြသည်","",""
"Q71","accepted answer","Required by the (U.S.) Constitution (16th Amendment)","(အမေရိကန်) ဖွဲ့စည်းပုံအခြေခံဥပဒေအရ လိုအပ်သည် (၁၆ ကြိမ်မြောက် ပြင်ဆင်ချက်)","",""
"Q71","accepted answer","Civic duty","နိုင်ငံသား တာဝန်","",""
"Q72","question","It is important for all men age 18 through 25 to register for the Selective Service. Name one reason why.","အသက် ၁၈ နှစ်မှ ၂၅ နှစ်အထိ အမျိုးသားအားလုံး စစ်မှုထမ်း ရွေးချယ်ရေး (Selective Service) တွင် စာရင်းသွင်းရန် အရေးကြီးသည်။ အကြောင်းရင်း တစ်ခုကို ပြောပါ။","",""
"Q72","wrong option","It is required in order to vote","မဲပေးနိုင်ရန် လိုအပ်သည်","",""
"Q72","wrong option","It replaces paying taxes","အခွန်ပေးဆောင်ခြင်းကို အစားထိုးသည်","",""
"Q72","accepted answer","Makes the draft fair, if needed","လိုအပ်ပါက စစ်မှုထမ်း ဆင့်ခေါ်ခြင်းကို တရားမျှတစေသည်","",""
"Q73","question","The colonists came to America for many reasons. Name one.","ကိုလိုနီ နယ်ချဲ့ နေထိုင်သူများသည် အကြောင်းရင်းများစွာဖြင့် အမေရိကသို့ လာခဲ့ကြသည်။ တစ်ခုကို ပြောပါ။","",""
"Q73","accepted answer","Freedom","လွတ်လပ်ခွင့်","",""
"Q73","wrong option","To join an existing American government","ရှိပြီးသား အမေရိကန် အစိုးရတွင် ပါဝင်ရန်","",""
"Q73","wrong option","Because Britain forced them to leave","ဗြိတိန်က ၎င်းတို့ကို ထွက်ခွာရန် အတင်းအကျပ် ပြုလုပ်ခဲ့သောကြောင့်","",""
"Q73","accepted answer","Political liberty","နိုင်ငံရေး လွတ်လပ်ခွင့်","",""
"Q73","accepted answer","Religious freedom","ဘာသာရေး လွတ်လပ်ခွင့်","",""
"Q73","accepted answer","Economic opportunity","စီးပွားရေး အခွင့်အလမ်း","",""
"Q73","accepted answer","Escape persecution","ညှဉ်းပန်းနှိပ်စက်မှုမှ လွတ်မြောက်ရန်","",""
"Q74","question","Who lived in America before the Europeans arrived?","ဥရောပသားများ မရောက်လာမီ အမေရိကတွင် မည်သူများ နေထိုင်ခဲ့သနည်း?","",""
"Q74","accepted answer","American Indians","အမေရိကန် အင်ဒီးယန်းများ","",""
"Q74","wrong option","Only colonists","ကိုလိုနီ နေထိုင်သူများသာ","",""
"Q74","wrong option","European settlers","ဥရောပ အခြေချနေထိုင်သူများ","",""
"Q74","accepted answer","Native Americans","ဇာတိ အမေရိကန်များ","",""
"Q75","question","What group of people was taken and sold as slaves?","မည်သည့် လူအုပ်စုကို ဖမ်းဆီးခေါ်ဆောင်ပြီး ကျွန်အဖြစ် ရောင်းချခဲ့သနည်း?","",""
"Q75","accepted answer","Africans","အာဖရိကန်များ","",""
"Q75","wrong option","People from Britain","ဗြိတိန်မှ လူများ","",""
"Q75","wrong option","People from Asia","အာရှမှ လူများ","",""
"Q75","accepted answer","People from Africa","အာဖရိကမှ လူများ","",""
"Q76","question","What war did the Americans fight to win independence from Britain?","ဗြိတိန်မှ လွတ်လပ်ရေး ရယူရန် အမေရိကန်များ မည်သည့်စစ်ပွဲကို တိုက်ခဲ့သနည်း?","",""
"Q76","accepted answer","American Revolution","အမေရိကန် တော်လှန်ရေး","",""
"Q76","wrong option","The Civil War","ပြည်တွင်းစစ်","",""
"Q76","wrong option","The War of 1812","၁၈၁၂ စစ်ပွဲ","",""
"Q76","accepted answer","The (American) Revolutionary War","(အမေရိကန်) တော်လှန်ရေး စစ်ပွဲ","",""
"Q76","accepted answer","War for (American) Independence","(အမေရိကန်) လွတ်လပ်ရေး စစ်ပွဲ","",""
"Q77","question","Name one reason why the Americans declared independence from Britain.","အမေရိကန်များ ဗြိတိန်ထံမှ လွတ်လပ်ရေး ကြေညာခဲ့ရသည့် အကြောင်းရင်း တစ်ခုကို ပြောပါ။","",""
"Q77","accepted answer","High taxes","အခွန် မြင့်မားခြင်း","",""
"Q77","wrong option","Religious disagreements with France","ပြင်သစ်နှင့် ဘာသာရေး သဘောထားကွဲလွဲမှုများ","",""
"Q77","wrong option","Trade disputes with Spain","စပိန်နှင့် ကုန်သွယ်ရေး အငြင်းပွားမှုများ","",""
"Q77","accepted answer","Taxation without representation","ကိုယ်စားပြုမှုမရှိဘဲ အခွန်ကောက်ခြင်း","",""
"Q77","accepted answer","British soldiers stayed in Americans' houses (boarding, quartering)","ဗြိတိသျှ စစ်သားများ အမေရိကန်များ၏ အိမ်များတွင် နေထိုင်ခဲ့ကြသည် (တည်းခိုခြင်း၊ စခန်းချခြင်း)","",""
"Q77","accepted answer","They did not have self-government","၎င်းတို့တွင် ကိုယ်ပိုင်အုပ်ချုပ်ခွင့် မရှိခဲ့ပါ","",""
"Q77","accepted answer","Boston Massacre","ဘော့စတွန် အစုလိုက် အပြုံလိုက် သတ်ဖြတ်မှု","",""
"Q77","accepted answer","Boston Tea Party (Tea Act)","ဘော့စတွန် လက်ဖက်ခြောက် ပွဲ (လက်ဖက်ခြောက် အက်ဥပဒေ)","",""
"Q77","accepted answer","Stamp Act","တံဆိပ်ခေါင်း အက်ဥပဒေ","",""
"Q77","accepted answer","Sugar Act","သကြား အက်ဥပဒေ","",""
"Q77","accepted answer","Townshend Acts","တောင်းရှဲန် အက်ဥပဒေများ","",""
"Q77","accepted answer","Intolerable (Coercive) Acts","သည်းမခံနိုင်ဖွယ် (အတင်းအကျပ်) အက်ဥပဒေများ","",""
"Q78","question","Who wrote the Declaration of Independence?","လွတ်လပ်ရေး ကြေညာစာတမ်းကို မည်သူ ရေးသားခဲ့သနည်း?","",""
"Q78","accepted answer","(Thomas) Jefferson","(သောမတ်စ်) ဂျက်ဖာဆင်","",""
"Q78","wrong option","George Washington","ဂျော့ဂ်ျ ဝါရှင်တန်","",""
"Q78","wrong option","Benjamin Franklin","ဘင်ဂျမင် ဖရန်ကလင်","",""
"Q79","question","When was the Declaration of Independence adopted?","လွတ်လပ်ရေး ကြေညာစာတမ်းကို မည်သည့်အချိန်တွင် အတည်ပြုခဲ့သနည်း?","",""
"Q79","accepted answer","July 4, 1776","၁၇၇၆ ခုနှစ်၊ ဇူလိုင် ၄ ရက်","",""
"Q79","wrong option","September 17, 1787","၁၇၈၇ ခုနှစ်၊ စက်တင်ဘာ ၁၇ ရက်","",""
"Q79","wrong option","July 4, 1789","၁၇၈၉ ခုနှစ်၊ ဇူလိုင် ၄ ရက်","",""
"Q80","question","The American Revolution had many important events. Name one.","အမေရိကန် တော်လှန်ရေးတွင် အရေးကြီးသော အဖြစ်အပျက်များစွာ ရှိခဲ့သည်။ တစ်ခုကို ပြောပါ။","",""
"Q80","accepted answer","(Battle of) Bunker Hill","ဘန်ကာ ဟီး (တိုက်ပွဲ)","",""
"Q80","wrong option","The Battle of Gettysburg","ဂက်တီးစ်ဘတ် တိုက်ပွဲ","",""
"Q80","wrong option","The bombing of Pearl Harbor","ပုလဲဆိပ်ကမ်း (Pearl Harbor) ဗုံးကြဲတိုက်ခိုက်မှု","",""
"Q80","accepted answer","Washington Crossing the Delaware (Battle of Trenton)","ဝါရှင်တန် ဒယ်လာဝဲမြစ်ကို ဖြတ်ကူးခြင်း (ထရန်တန် တိုက်ပွဲ)","",""
"Q80","accepted answer","(Battle of) Saratoga","ဆာရာတိုဂါ (တိုက်ပွဲ)","",""
"Q80","accepted answer","Valley Forge (Encampment)","ဗယ်လီ ဖို့ဂ်ျ (စစ်စခန်း)","",""
"Q80","accepted answer","(Battle of) Yorktown (British surrender at Yorktown)","ယော့ခ်တောင်း (တိုက်ပွဲ) (ယော့ခ်တောင်းတွင် ဗြိတိသျှ လက်နက်ချခြင်း)","",""
"Q81","question","There were 13 original states. Name five.","မူလ ပြည်နယ် ၁၃ ခု ရှိခဲ့သည်။ ငါးခုကို ပြောပါ။","",""
"Q81","accepted answer","New Hampshire","နယူး ဟမ်ရှိုင်ယာ","",""
"Q81","accepted answer","Massachusetts","မက်ဆာချူးဆက်","",""
"Q81","accepted answer","Rhode Island","ရုတ်ဒ် အိုင်လန်","",""
"Q81","accepted answer","Connecticut","ကွန်နက်တီကတ်","",""
"Q81","accepted answer","New York","နယူးယောက်","",""
"Q81","wrong option","California","ကယ်လီဖိုးနီးယား","",""
"Q81","wrong option","Texas","တက္ကဆက်","",""
"Q81","accepted answer","New Jersey","နယူး ဂျာစီ","",""
"Q81","accepted answer","Pennsylvania","ပင်ဆယ်ဗေးနီးယား","",""
"Q81","accepted answer","Delaware","ဒယ်လာဝဲ","",""
"Q81","accepted answer","Maryland","မေရီလန်း","",""
"Q81","accepted answer","Virginia","ဗာဂျီးနီးယား","",""
"Q81","accepted answer","North Carolina","မြောက် ကယ်ရိုလိုင်းနား","",""
"Q81","accepted answer","South Carolina","တောင် ကယ်ရိုလိုင်းနား","",""
"Q81","accepted answer","Georgia","ဂျော်ဂျီယာ","",""
"Q82","question","What founding document was written in 1787?","၁၇၈၇ ခုနှစ်တွင် မည်သည့် နိုင်ငံတည်ထောင်ရေး စာတမ်းကို ရေးသားခဲ့သနည်း?","",""
"Q83","question","The Federalist Papers supported the passage of the U.S. Constitution. Name one of the writers.","ဖက်ဒရယ်လစ် စာတမ်းများသည် အမေရိကန် ဖွဲ့စည်းပုံအခြေခံဥပဒေ အတည်ပြုရေးကို ထောက်ခံခဲ့သည်။ စာရေးသူ တစ်ဦး၏ အမည်ကို ပြောပါ။","",""
"Q83","accepted answer","(James) Madison","(ဂျိမ်းစ်) မက်ဒီဆင်","",""
"Q83","wrong option","Thomas Jefferson","သောမတ်စ် ဂျက်ဖာဆင်","",""
"Q83","accepted answer","(Alexander) Hamilton","(အလက်ဇန်းဒါး) ဟာမီလ်တန်","",""
"Q83","accepted answer","(John) Jay","(ဂျွန်) ဂျေး","",""
"Q83","accepted answer","Publius","ပတ်ဗလီယပ်စ် (ကလောင်အမည်)","",""
"Q84","question","Why were the Federalist Papers important?","ဖက်ဒရယ်လစ် စာတမ်းများသည် အဘယ်ကြောင့် အရေးကြီးခဲ့သနည်း?","",""
"Q84","accepted answer","They helped people understand the (U.S.) Constitution","(အမေရိကန်) ဖွဲ့စည်းပုံအခြေခံဥပဒေကို လူများ နားလည်စေရန် ကူညီခဲ့သည်","",""
"Q84","wrong option","They declared independence from Britain","ဗြိတိန်ထံမှ လွတ်လပ်ရေးကို ကြေညာခဲ့သည်","",""
"Q84","wrong option","They ended the Civil War","ပြည်တွင်းစစ်ကို အဆုံးသတ်ခဲ့သည်","",""
"Q84","accepted answer","They supported passing the (U.S.) Constitution","(အမေရိကန်) ဖွဲ့စည်းပုံအခြေခံဥပဒေ အတည်ပြုရေးကို ထောက်ခံခဲ့သည်","",""
"Q85","question","Benjamin Franklin is famous for many things. Name one.","ဘင်ဂျမင် ဖရန်ကလင်သည် အရာများစွာဖြင့် ကျော်ကြားသည်။ တစ်ခုကို ပြောပါ။","",""
"Q85","accepted answer","Founded the first free public libraries","ပထမဆုံး အခမဲ့ အများပြည်သူ စာကြည့်တိုက်များကို တည်ထောင်ခဲ့သည်","",""
"Q85","wrong option","First president of the United States","အမေရိကန်ပြည်ထောင်စု၏ ပထမဆုံး သမ္မတ","",""
"Q85","wrong option","Led the Union during the Civil War","ပြည်တွင်းစစ်တွင် ယူနီယံကို ဦးဆောင်ခဲ့သည်","",""
"Q85","accepted answer","First Postmaster General of the United States","အမေရိကန်ပြည်ထောင်စု၏ ပထမဆုံး စာတိုက်ဦးစီးချုပ်","",""
"Q85","accepted answer","Helped write the Declaration of Independence","လွတ်လပ်ရေး ကြေညာစာတမ်း ရေးသားရာတွင် ကူညီခဲ့သည်","",""
"Q85","accepted answer","Inventor","တီထွင်သူ","",""
"Q85","accepted answer","U.S. diplomat","အမေရိကန် သံတမန်","",""
"Q86","question","George Washington is famous for many things. Name one.","ဂျော့ဂ်ျ ဝါရှင်တန်သည် အရာများစွာဖြင့် ကျော်ကြားသည်။ တစ်ခုကို ပြောပါ။","",""
"Q86","accepted answer","“Father of Our Country”","“ကျွန်ုပ်တို့ နိုင်ငံ၏ ဖခင်”","",""
"Q86","wrong option","Third president of the United States","အမေရိကန်ပြည်ထောင်စု၏ တတိယ သမ္မတ","",""
"Q86","wrong option","Wrote the Declaration of Independence","လွတ်လပ်ရေး ကြေညာစာတမ်းကို ရေးသားခဲ့သည်","",""
"Q86","accepted answer","General of the Continental Army","ကွန်တီနန်တယ် တပ်မတော်၏ ဗိုလ်ချုပ်","",""
"Q86","accepted answer","President of the Constitutional Convention","ဖွဲ့စည်းပုံအခြေခံဥပဒေ ညီလာခံ၏ ဥက္ကဋ္ဌ","",""
"Q87","question","Thomas Jefferson is famous for many things. Name one.","သောမတ်စ် ဂျက်ဖာဆင်သည် အရာများစွာဖြင့် ကျော်ကြားသည်။ တစ်ခုကို ပြောပါ။","",""
"Q87","accepted answer","Writer of the Declaration of Independence","လွတ်လပ်ရေး ကြေညာစာတမ်းကို ရေးသားသူ","",""
"Q87","accepted answer","Doubled the size of the United States (Louisiana Purchase)","အမေရိကန်ပြည်ထောင်စု၏ အကျယ်အဝန်းကို နှစ်ဆ တိုးစေခဲ့သည် (လူဝီဇီယားနား ဝယ်ယူမှု)","",""
"Q87","accepted answer","First Secretary of State","ပထမဆုံး နိုင်ငံခြားရေး ဝန်ကြီး","",""
"Q87","accepted answer","Founded the University of Virginia","ဗာဂျီးနီးယား တက္ကသိုလ်ကို တည်ထောင်ခဲ့သည်","",""
"Q87","accepted answer","Writer of the Virginia Statute on Religious Freedom","ဗာဂျီးနီးယား ဘာသာရေး လွတ်လပ်ခွင့် ဥပဒေကို ရေးသားသူ","",""
"Q88","question","James Madison is famous for many things. Name one.","ဂျိမ်းစ် မက်ဒီဆင်သည် အရာများစွာဖြင့် ကျော်ကြားသည်။ တစ်ခုကို ပြောပါ။","",""
"Q88","accepted answer","“Father of the Constitution”","“ဖွဲ့စည်းပုံအခြေခံဥပဒေ၏ ဖခင်”","",""
"Q88","wrong option","First Secretary of the Treasury","ပထမဆုံး ငွေတိုက် (ဘဏ္ဍာရေး) ဝန်ကြီး","",""
"Q88","accepted answer","Fourth president of the United States","အမေရိကန်ပြည်ထောင်စု၏ စတုတ္ထ သမ္မတ","",""
"Q88","accepted answer","President during the War of 1812","၁၈၁၂ စစ်ပွဲ ကာလအတွင်း သမ္မတ","",""
"Q88","accepted answer","One of the writers of the Federalist Papers","ဖက်ဒရယ်လစ် စာတမ်းများကို ရေးသားသူများထဲမှ တစ်ဦး","",""
"Q89","question","Alexander Hamilton is famous for many things. Name one.","အလက်ဇန်းဒါး ဟာမီလ်တန်သည် အရာများစွာဖြင့် ကျော်ကြားသည်။ တစ်ခုကို ပြောပါ။","",""
"Q89","accepted answer","Helped establish the First Bank of the United States","အမေရိကန်ပြည်ထောင်စု၏ ပထမဆုံး ဘဏ်ကို တည်ထောင်ရာတွင် ကူညီခဲ့သည်","",""
"Q89","accepted answer","Aide to General George Washington","ဗိုလ်ချုပ် ဂျော့ဂ်ျ ဝါရှင်တန်၏ လက်ထောက်","",""
"Q89","accepted answer","Member of the Continental Congress","ကွန်တီနန်တယ် ကွန်ဂရက်၏ အဖွဲ့ဝင်","",""
"Q90","question","What territory did the United States buy from France in 1803?","၁၈၀၃ ခုနှစ်တွင် အမေရိကန်ပြည်ထောင်စုသည် ပြင်သစ်ထံမှ မည်သည့် နယ်မြေကို ဝယ်ယူခဲ့သနည်း?","",""
"Q90","accepted answer","Louisiana Territory","လူဝီဇီယားနား နယ်မြေ","",""
"Q90","wrong option","Alaska","အလက်စကာ","",""
"Q90","wrong option","Florida","ဖလော်ရီဒါ","",""
"Q90","accepted answer","Louisiana","လူဝီဇီယားနား","",""
"Q91","question","Name one war fought by the United States in the 1800s.","၁၈၀၀ ပြည့်နှစ်များအတွင်း အမေရိကန်ပြည်ထောင်စု တိုက်ခဲ့သော စစ်ပွဲ တစ်ခုကို ပြောပါ။","",""
"Q91","accepted answer","War of 1812","၁၈၁၂ စစ်ပွဲ","",""
"Q91","wrong option","World War I","ပထမ ကမ္ဘာစစ်","",""
"Q91","wrong option","The Revolutionary War","တော်လှန်ရေး စစ်ပွဲ","",""
"Q91","accepted answer","Mexican-American War","မက္ကဆီကို-အမေရိကန် စစ်ပွဲ","",""
"Q91","accepted answer","Civil War","ပြည်တွင်းစစ်","",""
"Q91","accepted answer","Spanish-American War","စပိန်-အမေရိကန် စစ်ပွဲ","",""
"Q92","question","Name the U.S. war between the North and the South.","မြောက်ပိုင်းနှင့် တောင်ပိုင်းကြား ဖြစ်ခဲ့သော အမေရိကန် စစ်ပွဲ၏ အမည်ကို ပြောပါ။","",""
"Q93","question","The Civil War had many important events. Name one.","ပြည်တွင်းစစ်တွင် အရေးကြီးသော အဖြစ်အပျက်များစွာ ရှိခဲ့သည်။ တစ်ခုကို ပြောပါ။","",""
"Q93","accepted answer","(Battle of) Fort Sumter","ဖို့တ် ဆမ်တာ (တိုက်ပွဲ)","",""
"Q93","wrong option","The Boston Tea Party","ဘော့စတွန် လက်ဖက်ခြောက် ပွဲ","",""
"Q93","accepted answer","Emancipation Proclamation","ကျွန်လွတ်မြောက်ရေး ကြေညာချက်","",""
"Q93","accepted answer","(Battle of) Vicksburg","ဗစ်ခ်စ်ဘတ် (တိုက်ပွဲ)","",""
"Q93","accepted answer","(Battle of) Gettysburg","ဂက်တီးစ်ဘတ် (တိုက်ပွဲ)","",""
"Q93","accepted answer","Sherman's March","ရှားမင်း၏ ချီတက်မှု","",""
"Q93","accepted answer","(Surrender at) Appomattox","အပိုမက်တော့က်စ် (တွင် လက်နက်ချခြင်း)","",""
"Q93","accepted answer","(Battle of) Antietam/Sharpsburg","အန်တီးတမ်/ရှပ်စ်ဘတ် (တိုက်ပွဲ)","",""
"Q93","accepted answer","Lincoln was assassinated","လင်ကွန်း လုပ်ကြံခံရခဲ့သည်","",""
"Q94","question","Abraham Lincoln is famous for many things. Name one.","အေဗရာဟမ် လင်ကွန်းသည် အရာများစွာဖြင့် ကျော်ကြားသည်။ တစ်ခုကို ပြောပါ။","",""
"Q94","accepted answer","Freed the slaves (Emancipation Proclamation)","ကျွန်များကို လွတ်မြောက်စေခဲ့သည် (ကျွန်လွတ်မြောက်ရေး ကြေညာချက်)","",""
"Q94","wrong option","Was the first president","ပထမဆုံး သမ္မတ ဖြစ်ခဲ့သည်","",""
"Q94","accepted answer","Saved (or preserved) the Union","ပြည်ထောင်စုကို ကယ်တင် (သို့မဟုတ် ထိန်းသိမ်း) ခဲ့သည်","",""
"Q94","accepted answer","Led the United States during the Civil War","ပြည်တွင်းစစ်ကာလအတွင်း အမေရိကန်ပြည်ထောင်စုကို ဦးဆောင်ခဲ့သည်","",""
"Q94","accepted answer","16th president of the United States","အမေရိကန်ပြည်ထောင်စု၏ ၁၆ ဦးမြောက် သမ္မတ","",""
"Q94","accepted answer","Delivered the Gettysburg Address","ဂက်တီးစ်ဘတ် မိန့်ခွန်းကို ပြောကြားခဲ့သည်","",""
"Q95","question","What did the Emancipation Proclamation do?","ကျွန်လွတ်မြောက်ရေး ကြေညာချက်က ဘာလုပ်ခဲ့သလဲ?","",""
"Q95","accepted answer","Freed the slaves","ကျွန်များကို လွတ်မြောက်စေခဲ့သည်","",""
"Q95","wrong option","Ended the Revolutionary War","တော်လှန်ရေး စစ်ပွဲကို အဆုံးသတ်ခဲ့သည်","",""
"Q95","wrong option","Gave women the right to vote","အမျိုးသမီးများကို မဲပေးခွင့် ပေးခဲ့သည်","",""
"Q95","accepted answer","Freed slaves in the Confederacy","ကွန်ဖက်ဒရေးစီရှိ ကျွန်များကို လွတ်မြောက်စေခဲ့သည်","",""
"Q95","accepted answer","Freed slaves in the Confederate states","ကွန်ဖက်ဒရိတ် ပြည်နယ်များရှိ ကျွန်များကို လွတ်မြောက်စေခဲ့သည်","",""
"Q95","accepted answer","Freed slaves in most Southern states","တောင်ပိုင်း ပြည်နယ် အများစုရှိ ကျွန်များကို လွတ်မြောက်စေခဲ့သည်","",""
"Q96","question","What U.S. war ended slavery?","မည်သည့် အမေရိကန် စစ်ပွဲက ကျွန်စနစ်ကို အဆုံးသတ်ခဲ့သနည်း?","",""
"Q96","wrong option","World War II","ဒုတိယ ကမ္ဘာစစ်","",""
"Q97","question","What amendment says all persons born or naturalized in the United States, and subject to the jurisdiction thereof, are U.S. citizens?","အမေရိကန်ပြည်ထောင်စုတွင် မွေးဖွားသူ သို့မဟုတ် နိုင်ငံသားခံယူသူ၊ ၎င်း၏ တရားစီရင်ပိုင်ခွင့်အောက်ရှိသူ အားလုံးသည် အမေရိကန် နိုင်ငံသားများ ဖြစ်သည်ဟု မည်သည့် ပြင်ဆင်ချက်က ဆိုသနည်း?","",""
"Q97","accepted answer","14th Amendment","၁၄ ကြိမ်မြောက် ပြင်ဆင်ချက်","",""
"Q97","wrong option","1st Amendment","ပထမ ပြင်ဆင်ချက်","",""
"Q97","wrong option","22nd Amendment","၂၂ ကြိမ်မြောက် ပြင်ဆင်ချက်","",""
"Q98","question","When did all men get the right to vote?","အမျိုးသား အားလုံး မဲပေးခွင့်ကို မည်သည့်အချိန်တွင် ရရှိခဲ့သနည်း?","",""
"Q98","accepted answer","After the Civil War","ပြည်တွင်းစစ် ပြီးနောက်","",""
"Q98","wrong option","After World War I","ပထမ ကမ္ဘာစစ် ပြီးနောက်","",""
"Q98","wrong option","With the 19th Amendment","၁၉ ကြိမ်မြောက် ပြင်ဆင်ချက်ဖြင့်","",""
"Q98","accepted answer","During Reconstruction","ပြန်လည်တည်ဆောက်ရေး ကာလအတွင်း","",""
"Q98","accepted answer","(With the) 15th Amendment","၁၅ ကြိမ်မြောက် ပြင်ဆင်ချက် (ဖြင့်)","",""
"Q98","accepted answer","1870","၁၈၇၀","",""
"Q99","question","Name one leader of the women's rights movement in the 1800s.","၁၈၀၀ ပြည့်နှစ်များအတွင်း အမျိုးသမီး အခွင့်အရေး လှုပ်ရှားမှု၏ ခေါင်းဆောင် တစ်ဦးကို ပြောပါ။","",""
"Q99","accepted answer","Susan B. Anthony","ဆူဇန် ဘီ အန်သိုနီ","",""
"Q99","wrong option","Abraham Lincoln","အေဗရာဟမ် လင်ကွန်း","",""
"Q99","wrong option","Martin Luther King, Jr.","မာတင် လူသာ ကင်း ဂျူနီယာ","",""
"Q99","accepted answer","Elizabeth Cady Stanton","အယ်လိဇဘက် ကေဒီ စတန်တန်","",""
"Q99","accepted answer","Sojourner Truth","ဆိုဂျာနာ ထရုသ်","",""
"Q99","accepted answer","Harriet Tubman","ဟယ်ရီယက် တပ်မန်း","",""
"Q99","accepted answer","Lucretia Mott","လူခရီရှာ မော့တ်","",""
"Q99","accepted answer","Lucy Stone","လူစီ စတုန်း","",""
"Q100","question","Name one war fought by the United States in the 1900s.","၁၉၀၀ ပြည့်နှစ်များအတွင်း အမေရိကန်ပြည်ထောင်စု တိုက်ခဲ့သော စစ်ပွဲ တစ်ခုကို ပြောပါ။","",""
"Q100","accepted answer","Korean War","ကိုရီးယား စစ်ပွဲ","",""
"Q100","accepted answer","Vietnam War","ဗီယက်နမ် စစ်ပွဲ","",""
"Q100","accepted answer","(Persian) Gulf War","(ပါရှန်း) ပင်လယ်ကွေ့ စစ်ပွဲ","",""
"Q101","question","Why did the United States enter World War I?","အမေရိကန်ပြည်ထောင်စုသည် ပထမ ကမ္ဘာစစ်ထဲသို့ အဘယ်ကြောင့် ဝင်ရောက်ခဲ့သနည်း?","",""
"Q101","accepted answer","Because Germany attacked U.S. (civilian) ships","ဂျာမနီက အမေရိကန် (အရပ်သား) သင်္ဘောများကို တိုက်ခိုက်ခဲ့သောကြောင့်","",""
"Q101","wrong option","To stop the spread of communism","ကွန်မြူနစ်ဝါဒ ပျံ့နှံ့မှုကို တားဆီးရန်","",""
"Q101","wrong option","To force the Iraqi military from Kuwait","အီရတ် စစ်တပ်ကို ကူဝိတ်မှ အတင်း ထွက်ခွာစေရန်","",""
"Q101","accepted answer","To support the Allied Powers (England, France, Italy, and Russia)","မဟာမိတ် အင်အားကြီးများ (အင်္ဂလန်၊ ပြင်သစ်၊ အီတလီနှင့် ရုရှား) ကို ထောက်ခံရန်","",""
"Q101","accepted answer","To oppose the Central Powers (Germany, Austria-Hungary, the Ottoman Empire, and Bulgaria)","ဗဟို အင်အားကြီးများ (ဂျာမနီ၊ သြစတြီးယား-ဟန်ဂေရီ၊ အော်တိုမန် အင်ပါယာနှင့် ဘူလ်ဂေးရီးယား) ကို ဆန့်ကျင်ရန်","",""
"Q102","question","When did all women get the right to vote?","အမျိုးသမီး အားလုံး မဲပေးခွင့်ကို မည်သည့်အချိန်တွင် ရရှိခဲ့သနည်း?","",""
"Q102","accepted answer","1920","၁၉၂၀","",""
"Q102","wrong option","1965","၁၉၆၅","",""
"Q102","accepted answer","(With the) 19th Amendment","၁၉ ကြိမ်မြောက် ပြင်ဆင်ချက် (ဖြင့်)","",""
"Q103","question","What was the Great Depression?","စီးပွားရေး ကြီးစွာ ကျဆင်းမှု (Great Depression) ဆိုသည်မှာ ဘာလဲ?","",""
"Q103","accepted answer","Longest economic recession in modern history","ခေတ်သစ် သမိုင်းတွင် အရှည်ကြာဆုံး စီးပွားရေး ကျဆင်းမှု","",""
"Q103","wrong option","A war fought in Europe","ဥရောပတွင် တိုက်ခဲ့သော စစ်ပွဲ","",""
"Q103","wrong option","A movement to end segregation","လူမျိုးခွဲခြားမှုကို အဆုံးသတ်ရန် လှုပ်ရှားမှု","",""
"Q104","question","When did the Great Depression start?","စီးပွားရေး ကြီးစွာ ကျဆင်းမှု မည်သည့်အချိန်တွင် စတင်ခဲ့သနည်း?","",""
"Q104","accepted answer","The Great Crash (1929)","ကြီးမားသော ပြိုလဲမှု (၁၉၂၉)","",""
"Q104","wrong option","1941","၁၉၄၁","",""
"Q104","wrong option","1918","၁၉၁၈","",""
"Q104","accepted answer","Stock market crash of 1929","၁၉၂၉ ခုနှစ် စတော့ရှယ်ယာ ဈေးကွက် ပြိုလဲမှု","",""
"Q105","question","Who was president during the Great Depression and World War II?","စီးပွားရေး ကြီးစွာ ကျဆင်းမှုနှင့် ဒုတိယ ကမ္ဘာစစ် ကာလအတွင်း မည်သူ သမ္မတ ဖြစ်ခဲ့သနည်း?","",""
"Q105","accepted answer","(Franklin) Roosevelt","(ဖရန်ကလင်) ရုစဗဲ့","",""
"Q105","wrong option","Dwight Eisenhower","ဒွိုက် အိုက်ဆင်ဟောင်ဝါ","",""
"Q106","question","Why did the United States enter World War II?","အမေရိကန်ပြည်ထောင်စုသည် ဒုတိယ ကမ္ဘာစစ်ထဲသို့ အဘယ်ကြောင့် ဝင်ရောက်ခဲ့သနည်း?","",""
"Q106","accepted answer","(Bombing of) Pearl Harbor","ပုလဲဆိပ်ကမ်း (Pearl Harbor) (ဗုံးကြဲတိုက်ခိုက်မှု)","",""
"Q106","wrong option","Because Germany attacked U.S. ships","ဂျာမနီက အမေရိကန် သင်္ဘောများကို တိုက်ခိုက်ခဲ့သောကြောင့်","",""
"Q106","accepted answer","Japanese attacked Pearl Harbor","ဂျပန်က ပုလဲဆိပ်ကမ်းကို တိုက်ခိုက်ခဲ့သည်","",""
"Q106","accepted answer","To support the Allied Powers (England, France, and Russia)","မဟာမိတ် အင်အားကြီးများ (အင်္ဂလန်၊ ပြင်သစ်နှင့် ရုရှား) ကို ထောက်ခံရန်","",""
"Q106","accepted answer","To oppose the Axis Powers (Germany, Italy, and Japan)","ဝင်ရိုးတန်း အင်အားကြီးများ (ဂျာမနီ၊ အီတလီနှင့် ဂျပန်) ကို ဆန့်ကျင်ရန်","",""
"Q107","question","Dwight Eisenhower is famous for many things. Name one.","ဒွိုက် အိုက်ဆင်ဟောင်ဝါသည် အရာများစွာဖြင့် ကျော်ကြားသည်။ တစ်ခုကို ပြောပါ။","",""
"Q107","accepted answer","General during World War II","ဒုတိယ ကမ္ဘာစစ် ကာလအတွင်း ဗိုလ်ချုပ်","",""
"Q107","wrong option","President during the Great Depression","စီးပွားရေး ကြီးစွာ ကျဆင်းမှု ကာလအတွင်း သမ္မတ","",""
"Q107","wrong option","Led the civil rights movement","အရပ်ဘက် အခွင့်အရေး လှုပ်ရှားမှုကို ဦးဆောင်ခဲ့သည်","",""
"Q107","accepted answer","President at the end of (during) the Korean War","ကိုရီးယား စစ်ပွဲ အဆုံးသတ်ချိန် (ကာလအတွင်း) သမ္မတ","",""
"Q107","accepted answer","34th president of the United States","အမေရိကန်ပြည်ထောင်စု၏ ၃၄ ဦးမြောက် သမ္မတ","",""
"Q107","accepted answer","Signed the Federal-Aid Highway Act of 1956 (Created the Interstate System)","၁၉၅၆ ခုနှစ် ဖက်ဒရယ် အထောက်အပံ့ အဝေးပြေးလမ်း အက်ဥပဒေကို လက်မှတ်ထိုးခဲ့သည် (ပြည်နယ်ဖြတ် လမ်းမစနစ်ကို ဖန်တီးခဲ့သည်)","",""
"Q108","question","Who was the United States' main rival during the Cold War?","စစ်အေးကာလအတွင်း အမေရိကန်ပြည်ထောင်စု၏ အဓိက ပြိုင်ဘက်က မည်သူနည်း?","",""
"Q108","accepted answer","Soviet Union","ဆိုဗီယက် ယူနီယံ","",""
"Q108","wrong option","Germany","ဂျာမနီ","",""
"Q108","wrong option","Japan","ဂျပန်","",""
"Q108","accepted answer","USSR","ဆိုဗီယက် ဆိုရှယ်လစ် သမ္မတနိုင်ငံများ ပြည်ထောင်စု","",""
"Q108","accepted answer","Russia","ရုရှား","",""
"Q109","question","During the Cold War, what was one main concern of the United States?","စစ်အေးကာလအတွင်း အမေရိကန်ပြည်ထောင်စု၏ အဓိက စိုးရိမ်ပူပန်မှု တစ်ခုက ဘာလဲ?","",""
"Q109","accepted answer","Communism","ကွန်မြူနစ်ဝါဒ","",""
"Q109","wrong option","The spread of slavery","ကျွန်စနစ် ပျံ့နှံ့မှု","",""
"Q109","accepted answer","Nuclear war","နျူကလီးယား စစ်ပွဲ","",""
"Q110","question","Why did the United States enter the Korean War?","အမေရိကန်ပြည်ထောင်စုသည် ကိုရီးယား စစ်ပွဲထဲသို့ အဘယ်ကြောင့် ဝင်ရောက်ခဲ့သနည်း?","",""
"Q110","wrong option","Because Japan attacked Pearl Harbor","ဂျပန်က ပုလဲဆိပ်ကမ်းကို တိုက်ခိုက်ခဲ့သောကြောင့်","",""
"Q111","question","Why did the United States enter the Vietnam War?","အမေရိကန်ပြည်ထောင်စုသည် ဗီယက်နမ် စစ်ပွဲထဲသို့ အဘယ်ကြောင့် ဝင်ရောက်ခဲ့သနည်း?","",""
"Q112","question","What did the civil rights movement do?","အရပ်ဘက် အခွင့်အရေး လှုပ်ရှားမှုက ဘာလုပ်ခဲ့သလဲ?","",""
"Q112","accepted answer","Fought to end racial discrimination","လူမျိုးရေး ခွဲခြားဆက်ဆံမှုကို အဆုံးသတ်ရန် တိုက်ပွဲဝင်ခဲ့သည်","",""
"Q112","wrong option","Ended the Civil War","ပြည်တွင်းစစ်ကို အဆုံးသတ်ခဲ့သည်","",""
"Q113","question","Martin Luther King, Jr. is famous for many things. Name one.","မာတင် လူသာ ကင်း ဂျူနီယာသည် အရာများစွာဖြင့် ကျော်ကြားသည်။ တစ်ခုကို ပြောပါ။","",""
"Q113","accepted answer","Fought for civil rights","အရပ်ဘက် အခွင့်အရေးများအတွက် တိုက်ပွဲဝင်ခဲ့သည်","",""
"Q113","wrong option","Wrote the Constitution","ဖွဲ့စည်းပုံအခြေခံဥပဒေကို ရေးသားခဲ့သည်","",""
"Q113","wrong option","Was the first African American president","ပထမဆုံး အာဖရိကန် အမေရိကန် သမ္မတ ဖြစ်ခဲ့သည်","",""
"Q113","accepted answer","Worked for equality for all Americans","အမေရိကန် အားလုံးအတွက် တန်းတူညီမျှမှုကို ဆောင်ရွက်ခဲ့သည်","",""
"Q113","accepted answer","Worked to ensure that people would not be judged by the color of their skin, but by the content of their character","လူများကို အသားအရောင်ဖြင့် မဟုတ်ဘဲ ၎င်းတို့၏ စရိုက်လက္ခဏာဖြင့် အကဲဖြတ်စေရန် ဆောင်ရွက်ခဲ့သည်","",""
"Q114","question","Why did the United States enter the Persian Gulf War?","အမေရိကန်ပြည်ထောင်စုသည် ပါရှန်း ပင်လယ်ကွေ့ စစ်ပွဲထဲသို့ အဘယ်ကြောင့် ဝင်ရောက်ခဲ့သနည်း?","",""
"Q115","question","What major event happened on September 11, 2001 in the United States?","၂၀၀၁ ခုနှစ်၊ စက်တင်ဘာ ၁၁ ရက်နေ့တွင် အမေရိကန်ပြည်ထောင်စု၌ မည်သည့် အဓိက အဖြစ်အပျက် ဖြစ်ပွားခဲ့သနည်း?","",""
"Q115","accepted answer","Terrorists attacked the United States","အကြမ်းဖက်သမားများက အမေရိကန်ပြည်ထောင်စုကို တိုက်ခိုက်ခဲ့သည်","",""
"Q115","wrong option","The stock market crashed","စတော့ရှယ်ယာ ဈေးကွက် ပြိုလဲခဲ့သည်","",""
"Q115","wrong option","The Cold War ended","စစ်အေး ပြီးဆုံးခဲ့သည်","",""
"Q115","accepted answer","Terrorists took over two planes and crashed them into the World Trade Center in New York City","အကြမ်းဖက်သမားများက လေယာဉ် နှစ်စင်းကို သိမ်းယူပြီး နယူးယောက်မြို့ရှိ ကမ္ဘာ့ ကုန်သွယ်ရေး စင်တာကို တိုက်မိစေခဲ့သည်","",""
"Q115","accepted answer","Terrorists took over a plane and crashed into the Pentagon in Arlington, Virginia","အကြမ်းဖက်သမားများက လေယာဉ် တစ်စင်းကို သိမ်းယူပြီး ဗာဂျီးနီးယား ပြည်နယ်၊ အာလင်တန်ရှိ ပင်တဂွန်ကို တိုက်မိစေခဲ့သည်","",""
"Q115","accepted answer","Terrorists took over a plane originally aimed at Washington, D.C., and crashed in a field in Pennsylvania","အကြမ်းဖက်သမားများက မူလ ဝါရှင်တန် ဒီစီကို ဦးတည်ထားသော လေယာဉ် တစ်စင်းကို သိမ်းယူခဲ့ပြီး ပင်ဆယ်ဗေးနီးယားရှိ ကွင်းပြင်တစ်ခုတွင် ပျက်ကျခဲ့သည်","",""
"Q116","question","Name one U.S. military conflict after the September 11, 2001 attacks.","၂၀၀၁ ခုနှစ်၊ စက်တင်ဘာ ၁၁ ရက် တိုက်ခိုက်မှုများ ပြီးနောက် အမေရိကန် စစ်ရေး ပဋိပက္ခ တစ်ခုကို ပြောပါ။","",""
"Q116","accepted answer","(Global) War on Terror","(ကမ္ဘာလုံးဆိုင်ရာ) အကြမ်းဖက်မှု ဆန့်ကျင်ရေး စစ်ပွဲ","",""
"Q116","wrong option","The Korean War","ကိုရီးယား စစ်ပွဲ","",""
"Q116","wrong option","The Vietnam War","ဗီယက်နမ် စစ်ပွဲ","",""
"Q116","accepted answer","War in Afghanistan","အာဖဂန်နစ္စတန် စစ်ပွဲ","",""
"Q116","accepted answer","War in Iraq","အီရတ် စစ်ပွဲ","",""
"Q117","question","Name one American Indian tribe in the United States.","အမေရိကန်ပြည်ထောင်စုရှိ အမေရိကန် အင်ဒီးယန်း မျိုးနွယ်စု တစ်ခုကို ပြောပါ။","",""
"Q117","accepted answer","Apache","အပါချီ","",""
"Q117","wrong option","Yorktown","ယော့ခ်တောင်း","",""
"Q117","wrong option","Saratoga","ဆာရာတိုဂါ","",""
"Q117","accepted answer","Blackfeet","ဘလက်ဖိ","",""
"Q117","accepted answer","Cayuga","ကာယူဂါ","",""
"Q117","accepted answer","Cherokee","ချယ်ရိုကီး","",""
"Q117","accepted answer","Cheyenne","ရှိုင်ယန်","",""
"Q117","accepted answer","Chippewa","ချီပီဝါ","",""
"Q117","accepted answer","Choctaw","ချော့တော","",""
"Q117","accepted answer","Creek","ခရိခ်","",""
"Q117","accepted answer","Crow","ခရိုး","",""
"Q117","accepted answer","Hopi","ဟိုပီ","",""
"Q117","accepted answer","Huron","ဟျူရွန်","",""
"Q117","accepted answer","Inupiat","အီနူပီယတ်","",""
"Q117","accepted answer","Lakota","လာကိုတာ","",""
"Q117","accepted answer","Mohawk","မိုဟော့ခ်","",""
"Q117","accepted answer","Mohegan","မိုဟီဂန်","",""
"Q117","accepted answer","Navajo","နာဗာဟို","",""
"Q117","accepted answer","Oneida","အိုနိုင်ဒါ","",""
"Q117","accepted answer","Onondaga","အိုနွန်ဒါဂါ","",""
"Q117","accepted answer","Pueblo","ပွဲဘလို","",""
"Q117","accepted answer","Seminole","ဆယ်မီနိုး","",""
"Q117","accepted answer","Seneca","ဆယ်နီကာ","",""
"Q117","accepted answer","Shawnee","ရှော်နီ","",""
"Q117","accepted answer","Sioux","ဆူး","",""
"Q117","accepted answer","Teton","တီတွန်","",""
"Q117","accepted answer","Tuscarora","တပ်စကာရိုရာ","",""
"Q118","question","Name one example of an American innovation.","အမေရိကန် တီထွင်မှု ဥပမာ တစ်ခုကို ပြောပါ။","",""
"Q118","accepted answer","Light bulb","မီးသီး","",""
"Q118","wrong option","The printing press","ပုံနှိပ်စက်","",""
"Q118","wrong option","Gunpowder","ယမ်းမှုန့်","",""
"Q118","accepted answer","Automobile (cars, internal combustion engine)","မော်တော်ကား (ကားများ၊ အတွင်းလောင်ကျွမ်း အင်ဂျင်)","",""
"Q118","accepted answer","Skyscrapers","မိုးမျှော်တိုက်များ","",""
"Q118","accepted answer","Airplane","လေယာဉ်","",""
"Q118","accepted answer","Assembly line","စက်ရုံ တပ်ဆင်မှု လိုင်း","",""
"Q118","accepted answer","Landing on the moon","လပေါ်သို့ ဆင်းသက်ခြင်း","",""
"Q118","accepted answer","Integrated circuit (IC)","ပေါင်းစပ် ဆားကစ် (IC)","",""
"Q119","question","What is the capital of the United States?","အမေရိကန်ပြည်ထောင်စု၏ မြို့တော်က ဘာလဲ?","",""
"Q119","accepted answer","Washington, D.C.","ဝါရှင်တန် ဒီစီ","",""
"Q119","wrong option","New York City","နယူးယောက်မြို့","",""
"Q119","wrong option","Philadelphia","ဖီလာဒဲလ်ဖီးယား","",""
"Q120","question","Where is the Statue of Liberty?","လွတ်လပ်ရေး ရုပ်တု ဘယ်မှာ ရှိသလဲ?","",""
"Q120","accepted answer","New York (Harbor)","နယူးယောက် (ဆိပ်ကမ်း)","",""
"Q120","wrong option","Boston Harbor","ဘော့စတွန် ဆိပ်ကမ်း","",""
"Q120","accepted answer","Liberty Island","လစ်ဘာတီ ကျွန်း","",""
"Q121","question","Why does the flag have 13 stripes?","အလံတွင် အစင်း ၁၃ ခု အဘယ်ကြောင့် ရှိသနည်း?","",""
"Q121","accepted answer","(Because there were) 13 original colonies","မူလ ကိုလိုနီ ၁၃ ခု (ရှိခဲ့သောကြောင့်)","",""
"Q121","wrong option","For the 13 founding fathers","နိုင်ငံတည်ထောင်သူ ၁၃ ဦးအတွက်","",""
"Q121","wrong option","For the first 13 amendments","ပထမ ပြင်ဆင်ချက် ၁၃ ခုအတွက်","",""
"Q121","accepted answer","(Because the stripes) represent the original colonies","(အစင်းများက) မူလ ကိုလိုနီများကို ကိုယ်စားပြု(သောကြောင့်)","",""
"Q122","question","Why does the flag have 50 stars?","အလံတွင် ကြယ် ၅၀ အဘယ်ကြောင့် ရှိသနည်း?","",""
"Q122","accepted answer","(Because there is) one star for each state","ပြည်နယ် တစ်ခုစီအတွက် ကြယ် တစ်ပွင့် (ရှိသောကြောင့်)","",""
"Q122","wrong option","For 50 years of independence","လွတ်လပ်ရေး ၅၀ နှစ်အတွက်","",""
"Q122","wrong option","For the 50 signers of the Constitution","ဖွဲ့စည်းပုံအခြေခံဥပဒေကို လက်မှတ်ထိုးသူ ၅၀ ဦးအတွက်","",""
"Q122","accepted answer","(Because) each star represents a state","ကြယ် တစ်ပွင့်စီက ပြည်နယ် တစ်ခုကို ကိုယ်စားပြု(သောကြောင့်)","",""
"Q122","accepted answer","(Because there are) 50 states","ပြည်နယ် ၅၀ (ရှိသောကြောင့်)","",""
"Q123","question","What is the name of the national anthem?","နိုင်ငံတော် သီချင်း၏ အမည်က ဘာလဲ?","",""
"Q123","accepted answer","The Star-Spangled Banner","ကြယ်စုံ ထွန်းလင်းသော အလံ","",""
"Q123","wrong option","America the Beautiful","လှပသော အမေရိက","",""
"Q123","wrong option","The Pledge of Allegiance","သစ္စာခံကတိ","",""
"Q124","question","The Nation's first motto was “E Pluribus Unum.” What does that mean?","နိုင်ငံ၏ ပထမဆုံး ဆောင်ပုဒ်မှာ “E Pluribus Unum” ဖြစ်သည်။ ၎င်းက ဘာကို ဆိုလိုသလဲ?","",""
"Q124","accepted answer","Out of many, one","အများထဲမှ တစ်ခုတည်း","",""
"Q124","wrong option","Liberty for all","လူတိုင်းအတွက် လွတ်လပ်ခွင့်","",""
"Q124","wrong option","In God we trust","ဘုရားသခင်ကို ကျွန်ုပ်တို့ ယုံကြည်သည်","",""
"Q124","accepted answer","We all become one","ကျွန်ုပ်တို့ အားလုံး တစ်ခုတည်း ဖြစ်လာသည်","",""
"Q125","question","What is Independence Day?","လွတ်လပ်ရေးနေ့ ဆိုသည်မှာ ဘာလဲ?","",""
"Q125","accepted answer","A holiday to celebrate U.S. independence (from Britain)","(ဗြိတိန်ထံမှ) အမေရိကန် လွတ်လပ်ရေးကို ကျင်းပဂုဏ်ပြုသော အားလပ်ရက်","",""
"Q125","wrong option","A holiday to honor soldiers who died","ကျဆုံးခဲ့သော စစ်သားများကို ဂုဏ်ပြုသော အားလပ်ရက်","",""
"Q125","wrong option","A holiday to honor all who served","အမှုထမ်းခဲ့သူ အားလုံးကို ဂုဏ်ပြုသော အားလပ်ရက်","",""
"Q125","accepted answer","The country's birthday","နိုင်ငံ၏ မွေးနေ့","",""
"Q126","question","Name three national U.S. holidays.","အမေရိကန် အမျိုးသား အားလပ်ရက် သုံးခုကို ပြောပါ။","",""
"Q126","accepted answer","New Year's Day","နှစ်သစ်ကူးနေ့","",""
"Q126","accepted answer","Martin Luther King, Jr. Day","မာတင် လူသာ ကင်း ဂျူနီယာ နေ့","",""
"Q126","accepted answer","Presidents Day (Washington's Birthday)","သမ္မတများနေ့ (ဝါရှင်တန်၏ မွေးနေ့)","",""
"Q126","accepted answer","Memorial Day","စစ်သူရဲကောင်း အောက်မေ့ဖွယ်နေ့","",""
"Q126","accepted answer","Juneteenth","ဂျွန်းတီးန့် (ကျွန်လွတ်မြောက်ခြင်း အထိမ်းအမှတ်နေ့)","",""
"Q126","wrong option","Flag Day","အလံနေ့","",""
"Q126","wrong option","Election Day","ရွေးကောက်ပွဲနေ့","",""
"Q126","accepted answer","Independence Day","လွတ်လပ်ရေးနေ့","",""
"Q126","accepted answer","Labor Day","အလုပ်သမားနေ့","",""
"Q126","accepted answer","Columbus Day","ကိုလံဘတ်စ်နေ့","",""
"Q126","accepted answer","Veterans Day","စစ်မှုထမ်းဟောင်းများနေ့","",""
"Q126","accepted answer","Thanksgiving Day","ကျေးဇူးတော်နေ့","",""
"Q126","accepted answer","Christmas Day","ခရစ္စမတ်နေ့","",""
"Q127","question","What is Memorial Day?","စစ်သူရဲကောင်း အောက်မေ့ဖွယ်နေ့ (Memorial Day) ဆိုသည်မှာ ဘာလဲ?","",""
"Q127","accepted answer","A holiday to honor soldiers who died in military service","စစ်မှုထမ်းရင်း ကျဆုံးခဲ့သော စစ်သားများကို ဂုဏ်ပြုသော အားလပ်ရက်","",""
"Q127","wrong option","A holiday to honor all who served in the military","စစ်တပ်တွင် အမှုထမ်းခဲ့သူ အားလုံးကို ဂုဏ်ပြုသော အားလပ်ရက်","",""
"Q127","wrong option","A holiday to celebrate independence","လွတ်လပ်ရေးကို ကျင်းပဂုဏ်ပြုသော အားလပ်ရက်","",""
"Q128","question","What is Veterans Day?","စစ်မှုထမ်းဟောင်းများနေ့ (Veterans Day) ဆိုသည်မှာ ဘာလဲ?","",""
"Q128","accepted answer","A holiday to honor people in the (U.S.) military","(အမေရိကန်) စစ်တပ်ရှိ လူများကို ဂုဏ်ပြုသော အားလပ်ရက်","",""
"Q128","accepted answer","A holiday to honor people who have served (in the U.S. military)","(အမေရိကန် စစ်တပ်တွင်) အမှုထမ်းခဲ့သူများကို ဂုဏ်ပြုသော အားလပ်ရက်","",""
